Tipo de documento,Numero,Estado,Fecha,Titulo,ID PDF,Archivo,sha256,id_archivo,id_documento,URL,Seccion,Codigo,Nro,Anio,Organismo,Fecha acto
RESOLUCIÓN DE ASAMBLEA UNIVERSITARIA,RAU : 1 / 2026,Autorizado,20/05/2026,EXP 1501/2025. COMISIÓN REVISORA PERMANENTE DEL ESTATUTO. SU CONFORMACION,1,RAU_1_2026.pdf,,150546dd-ab68-462f-90b6-e893e458e2d6,5f317dfa-5057-4a8d-8cb1-31570b24b390,https://portal.unlu.edu.ar/sudocu/api/archivos/publico/150546dd-ab68-462f-90b6-e893e458e2d6?id_archivo=150546dd-ab68-462f-90b6-e893e458e2d6&id_documento=5f317dfa-5057-4a8d-8cb1-31570b24b390,RESOLUCIONES ASAMBLEA UNIVERSITARIA,RAU,1,2026,UNLu,20/05/2026
RESOLUCIÓN DE ASAMBLEA UNIVERSITARIA,RAU : 1 / 2025,Autorizado,30/12/2025,EXP 1501/2025. DESIGNACION MIEMBROS DE LA PRESIDENCIA ASAMBLEA UNIVERSITARIA 2025-2027,2,RAU_1_2025.pdf,,6dfe24d9-ce56-4039-9948-459272303afe,96589965-0fea-444c-8aed-ab0a89a6c1c4,https://portal.unlu.edu.ar/sudocu/api/archivos/publico/6dfe24d9-ce56-4039-9948-459272303afe?id_archivo=6dfe24d9-ce56-4039-9948-459272303afe&id_documento=96589965-0fea-444c-8aed-ab0a89a6c1c4,RESOLUCIONES ASAMBLEA UNIVERSITARIA,RAU,1,2025,UNLu,30/12/2025
ORDEN DE COMPRA DIAGUITA,OCDIAGUITA : 305 / 2025,Autorizado,30/12/2025,EXP_930_25_Ficha_orden_de_compra_305-2025,1,OCDIAGUITA_305_2025.pdf,,9699e399-f278-4b2e-bcb7-b02da71f9891,67309fd6-a524-4062-a079-d02d92595f5a,https://portal.unlu.edu.ar/sudocu/api/archivos/publico/9699e399-f278-4b2e-bcb7-b02da71f9891?id_archivo=9699e399-f278-4b2e-bcb7-b02da71f9891&id_documento=67309fd6-a524-4062-a079-d02d92595f5a,ORDENES DE COMPRA,OCDIAGUITA,305,2025,UNLu,29/12/2025
ORDEN DE COMPRA DIAGUITA,OCDIAGUITA : 304 / 2025,Autorizado,29/12/2025,Exp_308_25_Ficha_orden_de_compra_304-2025,2,OCDIAGUITA_304_2025.pdf,,8e97e2e2-f6ed-463c-b479-ec1d1213745d,6b11bfe8-46e8-4ba0-94b5-3aefa6adef60,https://portal.unlu.edu.ar/sudocu/api/archivos/publico/8e97e2e2-f6ed-463c-b479-ec1d1213745d?id_archivo=8e97e2e2-f6ed-463c-b479-ec1d1213745d&id_documento=6b11bfe8-46e8-4ba0-94b5-3aefa6adef60,ORDENES DE COMPRA,OCDIAGUITA,304,2025,UNLu,29/12/2025
ORDEN DE COMPRA DIAGUITA,OCDIAGUITA : 303 / 2025,Autorizado,29/12/2025,Exp_308_25_Ficha_orden_de_compra_303-2025,3,OCDIAGUITA_303_2025.pdf,,a6351122-5e09-479e-8d37-c9c4e940a200,d558686b-32f9-4423-924e-673de0fd5c82,https://portal.unlu.edu.ar/sudocu/api/archivos/publico/a6351122-5e09-479e-8d37-c9c4e940a200?id_archivo=a6351122-5e09-479e-8d37-c9c4e940a200&id_documento=d558686b-32f9-4423-924e-673de0fd5c82,ORDENES DE COMPRA,OCDIAGUITA,303,2025,UNLu,29/12/2025
ORDEN DE COMPRA DIAGUITA,OCDIAGUITA : 302 / 2025,Autorizado,17/12/2025,EXP. 665/25 - ODC 302/25 - RUIZ NICOLAS URIEL MARCEL,4,OCDIAGUITA_302_2025.pdf,,e49e0d7c-2015-4b97-8514-c4460c965f1f,8ebd69fe-ef9a-4934-b201-61aa9cb7b176,https://portal.unlu.edu.ar/sudocu/api/archivos/publico/e49e0d7c-2015-4b97-8514-c4460c965f1f?id_archivo=e49e0d7c-2015-4b97-8514-c4460c965f1f&id_documento=8ebd69fe-ef9a-4934-b201-61aa9cb7b176,ORDENES DE COMPRA,OCDIAGUITA,302,2025,UNLu,17/12/2025
ORDEN DE COMPRA DIAGUITA,OCDIAGUITA : 301 / 2025,Autorizado,17/12/2025,EXP. 665/25 - ODC 301/25 - LODICO MATIAS ORLANDO,5,OCDIAGUITA_301_2025.pdf,,1d2834e9-afe7-43f7-bde0-78496d91f182,730e3731-b9da-4df8-a828-232dacf06938,https://portal.unlu.edu.ar/sudocu/api/archivos/publico/1d2834e9-afe7-43f7-bde0-78496d91f182?id_archivo=1d2834e9-afe7-43f7-bde0-78496d91f182&id_documento=730e3731-b9da-4df8-a828-232dacf06938,ORDENES DE COMPRA,OCDIAGUITA,301,2025,UNLu,17/12/2025
ORDEN DE COMPRA DIAGUITA,OCDIAGUITA : 300 / 2025,Autorizado,17/12/2025,EXP. 665/25 - ODC 300/25 - BENITEZ ANDREA VIVIANA,6,OCDIAGUITA_300_2025.pdf,,d8a29ec7-953d-4de5-9b2f-13eb8d1acb43,915860af-2d63-41cb-926c-259f96c77028,https://portal.unlu.edu.ar/sudocu/api/archivos/publico/d8a29ec7-953d-4de5-9b2f-13eb8d1acb43?id_archivo=d8a29ec7-953d-4de5-9b2f-13eb8d1acb43&id_documento=915860af-2d63-41cb-926c-259f96c77028,ORDENES DE COMPRA,OCDIAGUITA,300,2025,UNLu,17/12/2025
ORDEN DE COMPRA DIAGUITA,OCDIAGUITA : 299 / 2025,Autorizado,17/12/2025,EXP. 665/25 - ODC 299/25 - SISTEMAS JUNIN,7,OCDIAGUITA_299_2025.pdf,,968a4db2-1f18-4007-b1a6-c76062439fac,612ca335-4893-4f09-8ddc-7de896e40441,https://portal.unlu.edu.ar/sudocu/api/archivos/publico/968a4db2-1f18-4007-b1a6-c76062439fac?id_archivo=968a4db2-1f18-4007-b1a6-c76062439fac&id_documento=612ca335-4893-4f09-8ddc-7de896e40441,ORDENES DE COMPRA,OCDIAGUITA,299,2025,UNLu,17/12/2025
ORDEN DE COMPRA DIAGUITA,OCDIAGUITA : 298 / 2025,Autorizado,17/12/2025,EXP. 665/25 - ODC 297/25 - LIEFRINK Y MARX,8,OCDIAGUITA_298_2025.pdf,,99f975e3-af21-45f2-b458-0ce22989e958,3cd16f9c-5b2c-4cb6-b010-39220e4102c4,https://portal.unlu.edu.ar/sudocu/api/archivos/publico/99f975e3-af21-45f2-b458-0ce22989e958?id_archivo=99f975e3-af21-45f2-b458-0ce22989e958&id_documento=3cd16f9c-5b2c-4cb6-b010-39220e4102c4,ORDENES DE COMPRA,OCDIAGUITA,298,2025,UNLu,17/12/2025
ORDEN DE COMPRA DIAGUITA,OCDIAGUITA : 297 / 2025,Autorizado,17/12/2025,EXP. 665/25 - ODC 297/25 - BULECEVICH IVAN,9,OCDIAGUITA_297_2025.pdf,,f3b2ce86-1dac-4aff-8d57-10ef8b02d335,d62734f2-e860-4104-b6ef-3997fcd8a6a8,https://portal.unlu.edu.ar/sudocu/api/archivos/publico/f3b2ce86-1dac-4aff-8d57-10ef8b02d335?id_archivo=f3b2ce86-1dac-4aff-8d57-10ef8b02d335&id_documento=d62734f2-e860-4104-b6ef-3997fcd8a6a8,ORDENES DE COMPRA,OCDIAGUITA,297,2025,UNLu,17/12/2025
ORDEN DE COMPRA DIAGUITA,OCDIAGUITA : 296 / 2025,Autorizado,17/12/2025,EXP 1025/2025 ORDEN DE COMPRA 296/2025,10,OCDIAGUITA_296_2025.pdf,,a0375499-4f6a-43b8-b5b3-594776fbf80e,5810078f-bf1d-4edd-a7b8-46d3ec9960bc,https://portal.unlu.edu.ar/sudocu/api/archivos/publico/a0375499-4f6a-43b8-b5b3-594776fbf80e?id_archivo=a0375499-4f6a-43b8-b5b3-594776fbf80e&id_documento=5810078f-bf1d-4edd-a7b8-46d3ec9960bc,ORDENES DE COMPRA,OCDIAGUITA,296,2025,UNLu,17/12/2025
ORDEN DE COMPRA DIAGUITA,OCDIAGUITA : 295 / 2025,Autorizado,15/12/2025,Ficha_orden_de_compra_295-2025_ exp. 1322/2025: MEDINA ELIANA NAIR,11,OCDIAGUITA_295_2025.pdf,,3dd2e9d6-b38f-4e8d-9115-349210f80919,64dcd8a4-19b0-4b1d-9844-4df7a7470f6d,https://portal.unlu.edu.ar/sudocu/api/archivos/publico/3dd2e9d6-b38f-4e8d-9115-349210f80919?id_archivo=3dd2e9d6-b38f-4e8d-9115-349210f80919&id_documento=64dcd8a4-19b0-4b1d-9844-4df7a7470f6d,ORDENES DE COMPRA,OCDIAGUITA,295,2025,UNLu,15/12/2025
ORDEN DE COMPRA DIAGUITA,OCDIAGUITA : 294 / 2025,Autorizado,09/12/2025,EXP. 1305/25 - ODC 294/25 - MAGGIO ADALBERTO CESAR,12,OCDIAGUITA_294_2025.pdf,,4c419002-1550-433d-b92f-93369ca5ac61,814e6bda-c6d0-4fdb-ab5f-4bcbf134965f,https://portal.unlu.edu.ar/sudocu/api/archivos/publico/4c419002-1550-433d-b92f-93369ca5ac61?id_archivo=4c419002-1550-433d-b92f-93369ca5ac61&id_documento=814e6bda-c6d0-4fdb-ab5f-4bcbf134965f,ORDENES DE COMPRA,OCDIAGUITA,294,2025,UNLu,09/12/2025
ORDEN DE COMPRA DIAGUITA,OCDIAGUITA : 293 / 2025,Autorizado,09/12/2025,EXP. 1304/25 - ODC 293/25 - SOLARI S.A.,13,OCDIAGUITA_293_2025.pdf,,9e3c4b29-ab42-479d-b437-22daafd41587,1eba1c52-12fa-4030-9a6a-b1349975015f,https://portal.unlu.edu.ar/sudocu/api/archivos/publico/9e3c4b29-ab42-479d-b437-22daafd41587?id_archivo=9e3c4b29-ab42-479d-b437-22daafd41587&id_documento=1eba1c52-12fa-4030-9a6a-b1349975015f,ORDENES DE COMPRA,OCDIAGUITA,293,2025,UNLu,09/12/2025
ORDEN DE COMPRA DIAGUITA,OCDIAGUITA : 292 / 2025,Autorizado,09/12/2025,EXP. 1228/25 - ODC 292/25 - BELTZER ARIEL ALEJANDRO,14,OCDIAGUITA_292_2025.pdf,,678190e6-efdf-40b6-aede-4792e3bd5680,e447517b-bf65-48a4-b8af-a76a9176c403,https://portal.unlu.edu.ar/sudocu/api/archivos/publico/678190e6-efdf-40b6-aede-4792e3bd5680?id_archivo=678190e6-efdf-40b6-aede-4792e3bd5680&id_documento=e447517b-bf65-48a4-b8af-a76a9176c403,ORDENES DE COMPRA,OCDIAGUITA,292,2025,UNLu,09/12/2025
ORDEN DE COMPRA DIAGUITA,OCDIAGUITA : 291 / 2025,Autorizado,09/12/2025,"EXP. 1349/25 - ODC 291/25 - BLANCO SERRA NICOLAS Y FRONTANI DANIELA SOCIEDAD LEY 19550 CAPITULO I, SECCION IVLANCO SERRA NICOLAS",15,OCDIAGUITA_291_2025.pdf,,c63884ab-f0e9-4c71-b612-11401fa59c8c,0179dd44-3a87-414f-a69d-096dc73a0b10,https://portal.unlu.edu.ar/sudocu/api/archivos/publico/c63884ab-f0e9-4c71-b612-11401fa59c8c?id_archivo=c63884ab-f0e9-4c71-b612-11401fa59c8c&id_documento=0179dd44-3a87-414f-a69d-096dc73a0b10,ORDENES DE COMPRA,OCDIAGUITA,291,2025,UNLu,09/12/2025
ORDEN DE COMPRA DIAGUITA,OCDIAGUITA : 290 / 2025,Autorizado,09/12/2025,EXP. 1349/25 - ODC 290/25 - SEGEN CORP S.R.L.,16,OCDIAGUITA_290_2025.pdf,,fd257406-45ff-408e-a4d6-6f24b252ae2d,49a23300-d683-4e48-bf02-3cbc733e6bc2,https://portal.unlu.edu.ar/sudocu/api/archivos/publico/fd257406-45ff-408e-a4d6-6f24b252ae2d?id_archivo=fd257406-45ff-408e-a4d6-6f24b252ae2d&id_documento=49a23300-d683-4e48-bf02-3cbc733e6bc2,ORDENES DE COMPRA,OCDIAGUITA,290,2025,UNLu,09/12/2025
ORDEN DE COMPRA DIAGUITA,OCDIAGUITA : 289 / 2025,Autorizado,09/12/2025,EXP. 1349/25 - ODC 289/25 - BLC S.R.L.,17,OCDIAGUITA_289_2025.pdf,,dcd92876-8294-4abf-beae-4690f35543f7,b6aad116-d0db-4b9c-b075-eeb54de8743f,https://portal.unlu.edu.ar/sudocu/api/archivos/publico/dcd92876-8294-4abf-beae-4690f35543f7?id_archivo=dcd92876-8294-4abf-beae-4690f35543f7&id_documento=b6aad116-d0db-4b9c-b075-eeb54de8743f,ORDENES DE COMPRA,OCDIAGUITA,289,2025,UNLu,09/12/2025
ORDEN DE COMPRA DIAGUITA,OCDIAGUITA : 288 / 2025,Autorizado,05/12/2025,EXP. 1112/25 - ODC 288/25 - PERANO,18,OCDIAGUITA_288_2025.pdf,,2f4f2eaf-7928-4410-94d8-9cb598f5e92e,6946ffc5-24d1-4e76-9cd1-9eb004ff8c76,https://portal.unlu.edu.ar/sudocu/api/archivos/publico/2f4f2eaf-7928-4410-94d8-9cb598f5e92e?id_archivo=2f4f2eaf-7928-4410-94d8-9cb598f5e92e&id_documento=6946ffc5-24d1-4e76-9cd1-9eb004ff8c76,ORDENES DE COMPRA,OCDIAGUITA,288,2025,UNLu,05/12/2025
ORDEN DE COMPRA DIAGUITA,OCDIAGUITA : 287 / 2025,Autorizado,05/12/2025,EXP. 1112/25 - ODC 287/25 - PROICENAR,19,OCDIAGUITA_287_2025.pdf,,9d783114-48c5-4a21-a5b9-d5186d441b00,a8701132-f249-432a-ac13-08e4fe01d8e5,https://portal.unlu.edu.ar/sudocu/api/archivos/publico/9d783114-48c5-4a21-a5b9-d5186d441b00?id_archivo=9d783114-48c5-4a21-a5b9-d5186d441b00&id_documento=a8701132-f249-432a-ac13-08e4fe01d8e5,ORDENES DE COMPRA,OCDIAGUITA,287,2025,UNLu,05/12/2025
ORDEN DE COMPRA DIAGUITA,OCDIAGUITA : 286 / 2025,Autorizado,05/12/2025,EXP. 1112/25 - ODC 286/25 - AGUILAR,20,OCDIAGUITA_286_2025.pdf,,2830f516-faaf-4c9c-b802-397a8957563b,7b730c92-2963-4ede-b4f0-7cc0133ebf40,https://portal.unlu.edu.ar/sudocu/api/archivos/publico/2830f516-faaf-4c9c-b802-397a8957563b?id_archivo=2830f516-faaf-4c9c-b802-397a8957563b&id_documento=7b730c92-2963-4ede-b4f0-7cc0133ebf40,ORDENES DE COMPRA,OCDIAGUITA,286,2025,UNLu,05/12/2025
ORDEN DE COMPRA DIAGUITA,OCDIAGUITA : 285 / 2025,Autorizado,05/12/2025,Exp. 1112/2025: orden_de_compra_285-2025 ONE LAB SOLUTIONS S.A.,21,OCDIAGUITA_285_2025.pdf,,efec5824-dafd-4b40-a72e-172d4997b248,457c0030-edc7-408c-ab8d-1d78ece82002,https://portal.unlu.edu.ar/sudocu/api/archivos/publico/efec5824-dafd-4b40-a72e-172d4997b248?id_archivo=efec5824-dafd-4b40-a72e-172d4997b248&id_documento=457c0030-edc7-408c-ab8d-1d78ece82002,ORDENES DE COMPRA,OCDIAGUITA,285,2025,UNLu,05/12/2025
ORDEN DE COMPRA DIAGUITA,OCDIAGUITA : 284 / 2025,Autorizado,05/12/2025,EXP. 1091/25 - ODC 284/25 - BUCHIN MARCOS,22,OCDIAGUITA_284_2025.pdf,,b51786b1-ce83-437c-a361-c588fe7ebd89,8afac8bb-c05e-4d83-90d9-266e8fd2a131,https://portal.unlu.edu.ar/sudocu/api/archivos/publico/b51786b1-ce83-437c-a361-c588fe7ebd89?id_archivo=b51786b1-ce83-437c-a361-c588fe7ebd89&id_documento=8afac8bb-c05e-4d83-90d9-266e8fd2a131,ORDENES DE COMPRA,OCDIAGUITA,284,2025,UNLu,05/12/2025
ORDEN DE COMPRA DIAGUITA,OCDIAGUITA : 283 / 2025,Autorizado,05/12/2025,EXP. 1091/25 - ODC 283/25 - URSINO S.R.L.,23,OCDIAGUITA_283_2025.pdf,,28381e03-098e-4bc4-b2ca-1ed958081c9a,bd8776dc-fdfc-4bbc-a238-a4fd5e3c8a32,https://portal.unlu.edu.ar/sudocu/api/archivos/publico/28381e03-098e-4bc4-b2ca-1ed958081c9a?id_archivo=28381e03-098e-4bc4-b2ca-1ed958081c9a&id_documento=bd8776dc-fdfc-4bbc-a238-a4fd5e3c8a32,ORDENES DE COMPRA,OCDIAGUITA,283,2025,UNLu,05/12/2025
ORDEN DE COMPRA DIAGUITA,OCDIAGUITA : 282 / 2025,Autorizado,05/12/2025,EXP. 325/25 - ODC 281/25 - CIANCIO,24,OCDIAGUITA_282_2025.pdf,,89750810-3d40-4f05-83d9-8a58db689e6d,7ff57314-0e6b-4d5a-be60-f9932d03f4fc,https://portal.unlu.edu.ar/sudocu/api/archivos/publico/89750810-3d40-4f05-83d9-8a58db689e6d?id_archivo=89750810-3d40-4f05-83d9-8a58db689e6d&id_documento=7ff57314-0e6b-4d5a-be60-f9932d03f4fc,ORDENES DE COMPRA,OCDIAGUITA,282,2025,UNLu,05/12/2025
ORDEN DE COMPRA DIAGUITA,OCDIAGUITA : 281 / 2025,Autorizado,05/12/2025,EXP. 325/25 - ODC 281/25 - CIANCIO,25,OCDIAGUITA_281_2025.pdf,,372c8c40-be6f-4f8d-b189-0b87cf8ac2c2,7891972d-3d5a-41bc-8d61-d2597aa97285,https://portal.unlu.edu.ar/sudocu/api/archivos/publico/372c8c40-be6f-4f8d-b189-0b87cf8ac2c2?id_archivo=372c8c40-be6f-4f8d-b189-0b87cf8ac2c2&id_documento=7891972d-3d5a-41bc-8d61-d2597aa97285,ORDENES DE COMPRA,OCDIAGUITA,281,2025,UNLu,05/12/2025
ORDEN DE COMPRA DIAGUITA,OCDIAGUITA : 280 / 2025,Autorizado,04/12/2025,orden de compra: 280/2025 - EXP. 310/2025 :GARUZZO ROBERTO,26,OCDIAGUITA_280_2025.pdf,,a62ff784-1990-4a12-9fb0-b07be115935b,ecc4c88d-232e-4268-bcf1-881c08111e5b,https://portal.unlu.edu.ar/sudocu/api/archivos/publico/a62ff784-1990-4a12-9fb0-b07be115935b?id_archivo=a62ff784-1990-4a12-9fb0-b07be115935b&id_documento=ecc4c88d-232e-4268-bcf1-881c08111e5b,ORDENES DE COMPRA,OCDIAGUITA,280,2025,UNLu,04/12/2025
ORDEN DE COMPRA DIAGUITA,OCDIAGUITA : 279 / 2025,Autorizado,04/12/2025,EXP. 831/25 - ODC 279/25 - FERRETERIA Y SANITARIOS EDUARDO MUSSO E HIJOS S.R.L.,27,OCDIAGUITA_279_2025.pdf,,94e1fae9-e3cc-4fbf-bc17-c5863941d507,7615e99a-3b04-4a5c-b2b4-eaa6e2ed1e36,https://portal.unlu.edu.ar/sudocu/api/archivos/publico/94e1fae9-e3cc-4fbf-bc17-c5863941d507?id_archivo=94e1fae9-e3cc-4fbf-bc17-c5863941d507&id_documento=7615e99a-3b04-4a5c-b2b4-eaa6e2ed1e36,ORDENES DE COMPRA,OCDIAGUITA,279,2025,UNLu,04/12/2025
ORDEN DE COMPRA DIAGUITA,OCDIAGUITA : 278 / 2025,Autorizado,04/12/2025,EXP. 831/25 - ODC 278/25 - BELTZER ARIEL ALEJANDRO,28,OCDIAGUITA_278_2025.pdf,,6bf6da8b-76f9-4599-88d4-de2b992a2489,a8d32aa6-c603-49d3-bf15-82c224f3c202,https://portal.unlu.edu.ar/sudocu/api/archivos/publico/6bf6da8b-76f9-4599-88d4-de2b992a2489?id_archivo=6bf6da8b-76f9-4599-88d4-de2b992a2489&id_documento=a8d32aa6-c603-49d3-bf15-82c224f3c202,ORDENES DE COMPRA,OCDIAGUITA,278,2025,UNLu,04/12/2025
ORDEN DE COMPRA DIAGUITA,OCDIAGUITA : 277 / 2025,Autorizado,04/12/2025,EXP. 831/25 - ODC 277/25 - BENITEZ ANDREA VIVIANA,29,OCDIAGUITA_277_2025.pdf,,ea09b89b-14b1-470e-a800-032220cd8b74,3b773643-acef-46da-996e-972294f2bd59,https://portal.unlu.edu.ar/sudocu/api/archivos/publico/ea09b89b-14b1-470e-a800-032220cd8b74?id_archivo=ea09b89b-14b1-470e-a800-032220cd8b74&id_documento=3b773643-acef-46da-996e-972294f2bd59,ORDENES DE COMPRA,OCDIAGUITA,277,2025,UNLu,04/12/2025
ORDEN DE COMPRA DIAGUITA,OCDIAGUITA : 276 / 2025,Autorizado,04/12/2025,EXP. 831/25 - ODC 276/25 - VARGAS SANTIAGO DANTE JOEL,30,OCDIAGUITA_276_2025.pdf,,901f0610-2da1-4cc4-b152-57d156975baa,f7dff36f-ab29-4e63-a91c-1b0aef75a7f4,https://portal.unlu.edu.ar/sudocu/api/archivos/publico/901f0610-2da1-4cc4-b152-57d156975baa?id_archivo=901f0610-2da1-4cc4-b152-57d156975baa&id_documento=f7dff36f-ab29-4e63-a91c-1b0aef75a7f4,ORDENES DE COMPRA,OCDIAGUITA,276,2025,UNLu,04/12/2025
ORDEN DE COMPRA DIAGUITA,OCDIAGUITA : 275 / 2025,Autorizado,04/12/2025,EXP. 831/25 - ODC 275/25 - PEPE HUGO DANIEL,31,OCDIAGUITA_275_2025.pdf,,89578b29-31cd-48c5-9db5-8b8908fc7689,8b3c50e0-beff-4832-b4b8-4a3ebb86aa0c,https://portal.unlu.edu.ar/sudocu/api/archivos/publico/89578b29-31cd-48c5-9db5-8b8908fc7689?id_archivo=89578b29-31cd-48c5-9db5-8b8908fc7689&id_documento=8b3c50e0-beff-4832-b4b8-4a3ebb86aa0c,ORDENES DE COMPRA,OCDIAGUITA,275,2025,UNLu,04/12/2025
ORDEN DE COMPRA DIAGUITA,OCDIAGUITA : 274 / 2025,Autorizado,04/12/2025,EXP. 831/25 - ODC 274/25 - JIMENEZ ANDRES Y JIMENEZ JUAN BAUTISTA S.H.,32,OCDIAGUITA_274_2025.pdf,,c4e92862-cf37-4c0e-8a74-ab9adb5901ab,82455409-e94e-42b9-baeb-81f0e9f8e4a4,https://portal.unlu.edu.ar/sudocu/api/archivos/publico/c4e92862-cf37-4c0e-8a74-ab9adb5901ab?id_archivo=c4e92862-cf37-4c0e-8a74-ab9adb5901ab&id_documento=82455409-e94e-42b9-baeb-81f0e9f8e4a4,ORDENES DE COMPRA,OCDIAGUITA,274,2025,UNLu,04/12/2025
ORDEN DE COMPRA DIAGUITA,OCDIAGUITA : 273 / 2025,Autorizado,04/12/2025,EXP. 831/25 - ODC273/25 - BULECEVICH IVAN,33,OCDIAGUITA_273_2025.pdf,,a7ee4f63-941e-4277-aa6e-9c06f6d9cc81,17203a0f-4c67-4be8-a308-7843d5f187a1,https://portal.unlu.edu.ar/sudocu/api/archivos/publico/a7ee4f63-941e-4277-aa6e-9c06f6d9cc81?id_archivo=a7ee4f63-941e-4277-aa6e-9c06f6d9cc81&id_documento=17203a0f-4c67-4be8-a308-7843d5f187a1,ORDENES DE COMPRA,OCDIAGUITA,273,2025,UNLu,04/12/2025
ORDEN DE COMPRA DIAGUITA,OCDIAGUITA : 272 / 2025,Autorizado,03/12/2025,EXP. 615/25 - ODC 272/25 - MDP,34,OCDIAGUITA_272_2025.pdf,,fe679096-bee9-4d49-811f-404b1bfbcec2,80d05e33-8d8d-407d-ac89-92fb40d44ff5,https://portal.unlu.edu.ar/sudocu/api/archivos/publico/fe679096-bee9-4d49-811f-404b1bfbcec2?id_archivo=fe679096-bee9-4d49-811f-404b1bfbcec2&id_documento=80d05e33-8d8d-407d-ac89-92fb40d44ff5,ORDENES DE COMPRA,OCDIAGUITA,272,2025,UNLu,03/12/2025
ORDEN DE COMPRA DIAGUITA,OCDIAGUITA : 271 / 2025,Autorizado,02/12/2025,EXP. 991/25 - ODC 271/25 - DISTRIBUIDORA JUANCO S.R.L.,35,OCDIAGUITA_271_2025.pdf,,f8241011-f3cf-4154-8b28-4f2e8098dea0,d194562f-571c-4d6c-b1fe-159444122e0c,https://portal.unlu.edu.ar/sudocu/api/archivos/publico/f8241011-f3cf-4154-8b28-4f2e8098dea0?id_archivo=f8241011-f3cf-4154-8b28-4f2e8098dea0&id_documento=d194562f-571c-4d6c-b1fe-159444122e0c,ORDENES DE COMPRA,OCDIAGUITA,271,2025,UNLu,02/12/2025
ORDEN DE COMPRA DIAGUITA,OCDIAGUITA : 270 / 2025,Autorizado,02/12/2025,EXP. 1228/25 - ODC 270/25 - GIL WALTER PABLO,36,OCDIAGUITA_270_2025.pdf,,2f1b8c01-22a6-42c9-ba40-6a09a5401d82,3bca024f-299f-4076-a6be-7aa113a1b2d8,https://portal.unlu.edu.ar/sudocu/api/archivos/publico/2f1b8c01-22a6-42c9-ba40-6a09a5401d82?id_archivo=2f1b8c01-22a6-42c9-ba40-6a09a5401d82&id_documento=3bca024f-299f-4076-a6be-7aa113a1b2d8,ORDENES DE COMPRA,OCDIAGUITA,270,2025,UNLu,01/12/2025
ORDEN DE COMPRA DIAGUITA,OCDIAGUITA : 269 / 2025,Autorizado,01/12/2025,EXP. 1014/25 - ODC 269/25 - VARGAS SANTIAGO DANTE JOEL,37,OCDIAGUITA_269_2025.pdf,,56a8c914-7da8-48c8-ae92-86347fcdd6ee,8b564e4b-1c1b-4244-849c-f171e456cf47,https://portal.unlu.edu.ar/sudocu/api/archivos/publico/56a8c914-7da8-48c8-ae92-86347fcdd6ee?id_archivo=56a8c914-7da8-48c8-ae92-86347fcdd6ee&id_documento=8b564e4b-1c1b-4244-849c-f171e456cf47,ORDENES DE COMPRA,OCDIAGUITA,269,2025,UNLu,01/12/2025
ORDEN DE COMPRA DIAGUITA,OCDIAGUITA : 268 / 2025,Autorizado,28/11/2025,EXP. 1200/25 - ODC 268/25 - RODRIGUEZ MARIA LAURA,38,OCDIAGUITA_268_2025.pdf,,f09e7668-abc7-4de4-b1fd-3afda69b6c7b,cc1dcf46-1d1c-4edf-bb90-29aa8cbd72b8,https://portal.unlu.edu.ar/sudocu/api/archivos/publico/f09e7668-abc7-4de4-b1fd-3afda69b6c7b?id_archivo=f09e7668-abc7-4de4-b1fd-3afda69b6c7b&id_documento=cc1dcf46-1d1c-4edf-bb90-29aa8cbd72b8,ORDENES DE COMPRA,OCDIAGUITA,268,2025,UNLu,25/11/2025
ORDEN DE COMPRA DIAGUITA,OCDIAGUITA : 267 / 2025,Autorizado,25/11/2025,EXP. 712/25 - ODC 267/25 - DI GENNARO LUCIANO,39,OCDIAGUITA_267_2025.pdf,,765f7d5c-0d37-4b88-9adb-887caa097dd6,9158a707-6d38-4f9f-a9e5-744cd9219dcb,https://portal.unlu.edu.ar/sudocu/api/archivos/publico/765f7d5c-0d37-4b88-9adb-887caa097dd6?id_archivo=765f7d5c-0d37-4b88-9adb-887caa097dd6&id_documento=9158a707-6d38-4f9f-a9e5-744cd9219dcb,ORDENES DE COMPRA,OCDIAGUITA,267,2025,UNLu,25/11/2025
ORDEN DE COMPRA DIAGUITA,OCDIAGUITA : 266 / 2025,Autorizado,25/11/2025,EXP. 712/25 - ODC 266/25 - COMSALE S.R.L.,40,OCDIAGUITA_266_2025.pdf,,b8dd8f4f-61c1-466e-97e7-f83fdb2de03f,a9d52853-1de0-493d-8815-74fb3202ebfe,https://portal.unlu.edu.ar/sudocu/api/archivos/publico/b8dd8f4f-61c1-466e-97e7-f83fdb2de03f?id_archivo=b8dd8f4f-61c1-466e-97e7-f83fdb2de03f&id_documento=a9d52853-1de0-493d-8815-74fb3202ebfe,ORDENES DE COMPRA,OCDIAGUITA,266,2025,UNLu,25/11/2025
ORDEN DE COMPRA DIAGUITA,OCDIAGUITA : 265 / 2025,Autorizado,25/11/2025,EXP. 712/25 - ODC 265/25 - FASTECH S.A.S.,41,OCDIAGUITA_265_2025.pdf,,632aa837-0932-421d-9cb9-1542412bd6a9,2967a99e-6430-45fd-b230-0234f52c3f5c,https://portal.unlu.edu.ar/sudocu/api/archivos/publico/632aa837-0932-421d-9cb9-1542412bd6a9?id_archivo=632aa837-0932-421d-9cb9-1542412bd6a9&id_documento=2967a99e-6430-45fd-b230-0234f52c3f5c,ORDENES DE COMPRA,OCDIAGUITA,265,2025,UNLu,25/11/2025
ORDEN DE COMPRA DIAGUITA,OCDIAGUITA : 264 / 2025,Autorizado,25/11/2025,EXP. 712/25 - ODC 264/25 - VARGAS SANTIAGO DANTE JOEL,42,OCDIAGUITA_264_2025.pdf,,855b114e-de81-4f56-9bcd-1a928948dfc7,670e3b38-98b7-4961-9f31-0174509ad8ee,https://portal.unlu.edu.ar/sudocu/api/archivos/publico/855b114e-de81-4f56-9bcd-1a928948dfc7?id_archivo=855b114e-de81-4f56-9bcd-1a928948dfc7&id_documento=670e3b38-98b7-4961-9f31-0174509ad8ee,ORDENES DE COMPRA,OCDIAGUITA,264,2025,UNLu,25/11/2025
ORDEN DE COMPRA DIAGUITA,OCDIAGUITA : 263 / 2025,Autorizado,25/11/2025,EXP. 992/25 - ODC 263/25 - MARTIN GONZALO GUIDO,43,OCDIAGUITA_263_2025.pdf,,0bb9347b-454c-49e9-9cb8-5dd401719d6b,b3d0d873-b05a-455d-aa76-7ee7c8cc2bc9,https://portal.unlu.edu.ar/sudocu/api/archivos/publico/0bb9347b-454c-49e9-9cb8-5dd401719d6b?id_archivo=0bb9347b-454c-49e9-9cb8-5dd401719d6b&id_documento=b3d0d873-b05a-455d-aa76-7ee7c8cc2bc9,ORDENES DE COMPRA,OCDIAGUITA,263,2025,UNLu,25/11/2025
ORDEN DE COMPRA DIAGUITA,OCDIAGUITA : 262 / 2025,Autorizado,25/11/2025,EXP. 1029/25 - ODC 262/25 - ERRE DE S.R.L.,44,OCDIAGUITA_262_2025.pdf,,6c078dba-4e5e-41ee-bc25-e904e08b61bc,cbc3a7be-c556-41db-9765-aa7b5f62da44,https://portal.unlu.edu.ar/sudocu/api/archivos/publico/6c078dba-4e5e-41ee-bc25-e904e08b61bc?id_archivo=6c078dba-4e5e-41ee-bc25-e904e08b61bc&id_documento=cbc3a7be-c556-41db-9765-aa7b5f62da44,ORDENES DE COMPRA,OCDIAGUITA,262,2025,UNLu,25/11/2025
ORDEN DE COMPRA DIAGUITA,OCDIAGUITA : 261 / 2025,Autorizado,04/12/2025,EXP. 830/25 - ODC 261/25 - MOVIMIENTO DE SUELOS Y SILAJES PRICE HNOS S.R.L.,45,OCDIAGUITA_261_2025.pdf,,ab410e7a-0cdd-4c18-b455-d858f3b3613b,29acfd12-0ee9-4d4e-8382-9d72ea7c046a,https://portal.unlu.edu.ar/sudocu/api/archivos/publico/ab410e7a-0cdd-4c18-b455-d858f3b3613b?id_archivo=ab410e7a-0cdd-4c18-b455-d858f3b3613b&id_documento=29acfd12-0ee9-4d4e-8382-9d72ea7c046a,ORDENES DE COMPRA,OCDIAGUITA,261,2025,UNLu,25/11/2025
ORDEN DE COMPRA DIAGUITA,OCDIAGUITA : 260 / 2025,Autorizado,25/11/2025,"EXPEDIENTE 830/2025 - ORDEN DE COMPRA 260/2025 AGRO GUSMERINI DE GUSMERINI FERNANDO JAVIER, GUSMERINI EMILIO ANDRES Y GUSMERINI JUAN AGUSTIN",46,OCDIAGUITA_260_2025.pdf,,9b7452c9-c06f-4df5-b586-a9f0505a0a4c,ac428adb-554a-44a3-9338-886165329f2a,https://portal.unlu.edu.ar/sudocu/api/archivos/publico/9b7452c9-c06f-4df5-b586-a9f0505a0a4c?id_archivo=9b7452c9-c06f-4df5-b586-a9f0505a0a4c&id_documento=ac428adb-554a-44a3-9338-886165329f2a,ORDENES DE COMPRA,OCDIAGUITA,260,2025,UNLu,25/11/2025
ORDEN DE COMPRA DIAGUITA,OCDIAGUITA : 259 / 2025,Autorizado,20/11/2025,EXP. 822/25 - ODC 259/25 - BENITEZ,47,OCDIAGUITA_259_2025.pdf,,fa3203e5-a021-475c-bd4c-03f715722275,2333207d-68bc-4a08-9382-bdc98345dd18,https://portal.unlu.edu.ar/sudocu/api/archivos/publico/fa3203e5-a021-475c-bd4c-03f715722275?id_archivo=fa3203e5-a021-475c-bd4c-03f715722275&id_documento=2333207d-68bc-4a08-9382-bdc98345dd18,ORDENES DE COMPRA,OCDIAGUITA,259,2025,UNLu,20/11/2025
ORDEN DE COMPRA DIAGUITA,OCDIAGUITA : 258 / 2025,Autorizado,20/11/2025,EXP. 822/25 - ODC 258/25 - VARGAS,48,OCDIAGUITA_258_2025.pdf,,6af5c067-8290-4215-a7ed-95708cdcc5ee,59a61e42-7ef2-4086-ab86-a68c5218cb5c,https://portal.unlu.edu.ar/sudocu/api/archivos/publico/6af5c067-8290-4215-a7ed-95708cdcc5ee?id_archivo=6af5c067-8290-4215-a7ed-95708cdcc5ee&id_documento=59a61e42-7ef2-4086-ab86-a68c5218cb5c,ORDENES DE COMPRA,OCDIAGUITA,258,2025,UNLu,20/11/2025
ORDEN DE COMPRA DIAGUITA,OCDIAGUITA : 257 / 2025,Autorizado,20/11/2025,EXP. 822/25 - ODC 257/25 - CAVEGO S.A,49,OCDIAGUITA_257_2025.pdf,,8949dcd5-04f1-4ee6-a6c0-aec161f76aae,ee64bbe9-a28e-4f7c-a144-3be269f24077,https://portal.unlu.edu.ar/sudocu/api/archivos/publico/8949dcd5-04f1-4ee6-a6c0-aec161f76aae?id_archivo=8949dcd5-04f1-4ee6-a6c0-aec161f76aae&id_documento=ee64bbe9-a28e-4f7c-a144-3be269f24077,ORDENES DE COMPRA,OCDIAGUITA,257,2025,UNLu,20/11/2025
ORDEN DE COMPRA DIAGUITA,OCDIAGUITA : 256 / 2025,Autorizado,20/11/2025,EXP. 822/25 - ODC 256/25 - BULECEVICH IVAN,50,OCDIAGUITA_256_2025.pdf,,85e7b147-48f3-4355-8dee-2efb342b34ee,d2d29d05-ba14-442b-93b9-89ba4a4df8e8,https://portal.unlu.edu.ar/sudocu/api/archivos/publico/85e7b147-48f3-4355-8dee-2efb342b34ee?id_archivo=85e7b147-48f3-4355-8dee-2efb342b34ee&id_documento=d2d29d05-ba14-442b-93b9-89ba4a4df8e8,ORDENES DE COMPRA,OCDIAGUITA,256,2025,UNLu,20/11/2025
ORDEN DE COMPRA DIAGUITA,OCDIAGUITA : 255 / 2025,Autorizado,20/11/2025,EXP. 1069/25 - ODC 255/25 - MAGGIO,51,OCDIAGUITA_255_2025.pdf,,cfbbcd37-232a-4cc4-8bd5-9d94e92ae105,6c724693-c522-4173-8e33-ba34091de525,https://portal.unlu.edu.ar/sudocu/api/archivos/publico/cfbbcd37-232a-4cc4-8bd5-9d94e92ae105?id_archivo=cfbbcd37-232a-4cc4-8bd5-9d94e92ae105&id_documento=6c724693-c522-4173-8e33-ba34091de525,ORDENES DE COMPRA,OCDIAGUITA,255,2025,UNLu,20/11/2025
ORDEN DE COMPRA DIAGUITA,OCDIAGUITA : 254 / 2025,Autorizado,20/11/2025,EXP. 535/25 - ODC 254/25 - FASTECH,52,OCDIAGUITA_254_2025.pdf,,c93e9249-5861-4f51-a1a2-19d1e88d2108,89eaff4c-b68b-41dc-8b9e-3f06e52692c0,https://portal.unlu.edu.ar/sudocu/api/archivos/publico/c93e9249-5861-4f51-a1a2-19d1e88d2108?id_archivo=c93e9249-5861-4f51-a1a2-19d1e88d2108&id_documento=89eaff4c-b68b-41dc-8b9e-3f06e52692c0,ORDENES DE COMPRA,OCDIAGUITA,254,2025,UNLu,20/11/2025
ORDEN DE COMPRA DIAGUITA,OCDIAGUITA : 253 / 2025,Autorizado,20/11/2025,EXP. 535/25 - ODC 253/25 - BELTZER,53,OCDIAGUITA_253_2025.pdf,,23b0902a-2f27-4845-85c1-8104ad79f584,28b5c3ae-d819-4c50-acf7-91a8799d8209,https://portal.unlu.edu.ar/sudocu/api/archivos/publico/23b0902a-2f27-4845-85c1-8104ad79f584?id_archivo=23b0902a-2f27-4845-85c1-8104ad79f584&id_documento=28b5c3ae-d819-4c50-acf7-91a8799d8209,ORDENES DE COMPRA,OCDIAGUITA,253,2025,UNLu,20/11/2025
ORDEN DE COMPRA DIAGUITA,OCDIAGUITA : 252 / 2025,Autorizado,20/11/2025,EXP. 535/25 - ODC 252/25 - VARGAS,54,OCDIAGUITA_252_2025.pdf,,4a086390-4509-4b56-bfa5-a4f5f726607f,fb663f08-25fe-4b2f-b33a-4e86d94d3561,https://portal.unlu.edu.ar/sudocu/api/archivos/publico/4a086390-4509-4b56-bfa5-a4f5f726607f?id_archivo=4a086390-4509-4b56-bfa5-a4f5f726607f&id_documento=fb663f08-25fe-4b2f-b33a-4e86d94d3561,ORDENES DE COMPRA,OCDIAGUITA,252,2025,UNLu,20/11/2025
ORDEN DE COMPRA DIAGUITA,OCDIAGUITA : 251 / 2025,Autorizado,20/11/2025,EXP. 535/25 - ODC 251/25 - M.D.P. SISTEMAS DIGITALES S.R.L,55,OCDIAGUITA_251_2025.pdf,,38c08df1-d95a-4786-97f2-dd27b3b1ffb1,bb0b5555-e3ef-4c43-ada6-6f2696e90d69,https://portal.unlu.edu.ar/sudocu/api/archivos/publico/38c08df1-d95a-4786-97f2-dd27b3b1ffb1?id_archivo=38c08df1-d95a-4786-97f2-dd27b3b1ffb1&id_documento=bb0b5555-e3ef-4c43-ada6-6f2696e90d69,ORDENES DE COMPRA,OCDIAGUITA,251,2025,UNLu,20/11/2025
ORDEN DE COMPRA DIAGUITA,OCDIAGUITA : 250 / 2025,Autorizado,18/11/2025,EXP. 1231/25 - ODC 250/25 - INSTRUMENTAL PASTEUR S.R.L.,56,OCDIAGUITA_250_2025.pdf,,bc61eca8-e126-43a5-9cff-c4574d57fd5a,98a93b88-311c-45eb-a5fe-232ed9b6ad1c,https://portal.unlu.edu.ar/sudocu/api/archivos/publico/bc61eca8-e126-43a5-9cff-c4574d57fd5a?id_archivo=bc61eca8-e126-43a5-9cff-c4574d57fd5a&id_documento=98a93b88-311c-45eb-a5fe-232ed9b6ad1c,ORDENES DE COMPRA,OCDIAGUITA,250,2025,UNLu,18/11/2025
ORDEN DE COMPRA DIAGUITA,OCDIAGUITA : 249 / 2025,Autorizado,18/11/2025,EXP. 1032/25 - ODC 249/25 - BIOYSTEMS SA,57,OCDIAGUITA_249_2025.pdf,,e50007f9-1b68-47bd-a3f8-1a6149669397,6115e4ac-86d4-4baf-af4a-7aa3d04c22de,https://portal.unlu.edu.ar/sudocu/api/archivos/publico/e50007f9-1b68-47bd-a3f8-1a6149669397?id_archivo=e50007f9-1b68-47bd-a3f8-1a6149669397&id_documento=6115e4ac-86d4-4baf-af4a-7aa3d04c22de,ORDENES DE COMPRA,OCDIAGUITA,249,2025,UNLu,18/11/2025
ORDEN DE COMPRA DIAGUITA,OCDIAGUITA : 248 / 2025,Autorizado,17/11/2025,EXP. 1210/25 - ODC 248/25 - FAMAS SRL,58,OCDIAGUITA_248_2025.pdf,,e062d346-23c6-48ac-a2e2-7141a30c603d,54b92d34-1d5f-4807-85fb-12df157bec55,https://portal.unlu.edu.ar/sudocu/api/archivos/publico/e062d346-23c6-48ac-a2e2-7141a30c603d?id_archivo=e062d346-23c6-48ac-a2e2-7141a30c603d&id_documento=54b92d34-1d5f-4807-85fb-12df157bec55,ORDENES DE COMPRA,OCDIAGUITA,248,2025,UNLu,17/11/2025
ORDEN DE COMPRA DIAGUITA,OCDIAGUITA : 247 / 2025,Autorizado,14/11/2025,EXP. 559/25 - ODC 247/25 - BELTZER ARIEL ALEJANDRO,59,OCDIAGUITA_247_2025.pdf,,e8e27529-730f-4c9e-90d9-85096bf42288,e08ece29-94fb-4e22-b4f9-6abcc27a6d1c,https://portal.unlu.edu.ar/sudocu/api/archivos/publico/e8e27529-730f-4c9e-90d9-85096bf42288?id_archivo=e8e27529-730f-4c9e-90d9-85096bf42288&id_documento=e08ece29-94fb-4e22-b4f9-6abcc27a6d1c,ORDENES DE COMPRA,OCDIAGUITA,247,2025,UNLu,14/11/2025
ORDEN DE COMPRA DIAGUITA,OCDIAGUITA : 246 / 2025,Autorizado,14/11/2025,EXP. 559/25 -ODC 246/25 - SEIQ GROUP S.A.,60,OCDIAGUITA_246_2025.pdf,,339347c2-9a46-4649-a3a9-11676ac481e1,d9943c13-48a9-4bc6-a62b-282cc92bc26a,https://portal.unlu.edu.ar/sudocu/api/archivos/publico/339347c2-9a46-4649-a3a9-11676ac481e1?id_archivo=339347c2-9a46-4649-a3a9-11676ac481e1&id_documento=d9943c13-48a9-4bc6-a62b-282cc92bc26a,ORDENES DE COMPRA,OCDIAGUITA,246,2025,UNLu,14/11/2025
ORDEN DE COMPRA DIAGUITA,OCDIAGUITA : 245 / 2025,Autorizado,14/11/2025,EXP. 559/25 - ODC 245/25 - CARZON LILIANA RAQUEL,61,OCDIAGUITA_245_2025.pdf,,d6b5cbfd-b059-4a9b-af76-1e00fecc62e3,d229fd61-c3a8-434e-8ed8-af7e726aee7c,https://portal.unlu.edu.ar/sudocu/api/archivos/publico/d6b5cbfd-b059-4a9b-af76-1e00fecc62e3?id_archivo=d6b5cbfd-b059-4a9b-af76-1e00fecc62e3&id_documento=d229fd61-c3a8-434e-8ed8-af7e726aee7c,ORDENES DE COMPRA,OCDIAGUITA,245,2025,UNLu,14/11/2025
ORDEN DE COMPRA DIAGUITA,OCDIAGUITA : 244 / 2025,Autorizado,14/11/2025,EXP. 559/25 - ODC 244/25 - SERVICIOS PARA LA HIGIENE S.A.,62,OCDIAGUITA_244_2025.pdf,,f5fb69aa-e678-4727-8767-6fc9d0034926,10f07507-4e83-4bcd-b65d-bd9c331ce848,https://portal.unlu.edu.ar/sudocu/api/archivos/publico/f5fb69aa-e678-4727-8767-6fc9d0034926?id_archivo=f5fb69aa-e678-4727-8767-6fc9d0034926&id_documento=10f07507-4e83-4bcd-b65d-bd9c331ce848,ORDENES DE COMPRA,OCDIAGUITA,244,2025,UNLu,14/11/2025
ORDEN DE COMPRA DIAGUITA,OCDIAGUITA : 243 / 2025,Autorizado,14/11/2025,EXP. 559/25 - ODC 243/25 - DITSA S.R.L.,63,OCDIAGUITA_243_2025.pdf,,89c6e848-ddf4-41a5-9386-93c6c8d7f24d,b775a17f-f63c-4877-a6e1-4726b7eaaa19,https://portal.unlu.edu.ar/sudocu/api/archivos/publico/89c6e848-ddf4-41a5-9386-93c6c8d7f24d?id_archivo=89c6e848-ddf4-41a5-9386-93c6c8d7f24d&id_documento=b775a17f-f63c-4877-a6e1-4726b7eaaa19,ORDENES DE COMPRA,OCDIAGUITA,243,2025,UNLu,14/11/2025
ORDEN DE COMPRA DIAGUITA,OCDIAGUITA : 242 / 2025,Autorizado,14/11/2025,EXP. 559/25 - ODC 242/25 - JUAN CARLOS CARDINALE S.R.L.,64,OCDIAGUITA_242_2025.pdf,,b3c69001-80c7-4aa8-9b0d-8ba0363b8f2e,7bdad042-4efe-40b7-8154-c8ae623a3a56,https://portal.unlu.edu.ar/sudocu/api/archivos/publico/b3c69001-80c7-4aa8-9b0d-8ba0363b8f2e?id_archivo=b3c69001-80c7-4aa8-9b0d-8ba0363b8f2e&id_documento=7bdad042-4efe-40b7-8154-c8ae623a3a56,ORDENES DE COMPRA,OCDIAGUITA,242,2025,UNLu,14/11/2025
ORDEN DE COMPRA DIAGUITA,OCDIAGUITA : 241 / 2025,Autorizado,14/11/2025,EXP. 559/25 - ODC 241/25 - ECHEVERRIA JULIO CESAR,65,OCDIAGUITA_241_2025.pdf,,befd27fa-cdcc-40ca-97a3-2729d719d576,3a059a4c-2279-4471-adfb-016e7b00ce67,https://portal.unlu.edu.ar/sudocu/api/archivos/publico/befd27fa-cdcc-40ca-97a3-2729d719d576?id_archivo=befd27fa-cdcc-40ca-97a3-2729d719d576&id_documento=3a059a4c-2279-4471-adfb-016e7b00ce67,ORDENES DE COMPRA,OCDIAGUITA,241,2025,UNLu,14/11/2025
ORDEN DE COMPRA DIAGUITA,OCDIAGUITA : 240 / 2025,Autorizado,14/11/2025,EXP. 559/25 - ODC 240/25 - EL CACIQUE LIMPIEZA S.R.L.,66,OCDIAGUITA_240_2025.pdf,,0866faeb-303e-4d69-8420-915bd8dc2c6f,009782b7-0041-4583-b718-0db461dd2d9f,https://portal.unlu.edu.ar/sudocu/api/archivos/publico/0866faeb-303e-4d69-8420-915bd8dc2c6f?id_archivo=0866faeb-303e-4d69-8420-915bd8dc2c6f&id_documento=009782b7-0041-4583-b718-0db461dd2d9f,ORDENES DE COMPRA,OCDIAGUITA,240,2025,UNLu,14/11/2025
ORDEN DE COMPRA DIAGUITA,OCDIAGUITA : 239 / 2025,Autorizado,11/11/2025,EXP. 1033/25 - ODC 239/25 AMPLIACIÓN - GAGO MARTA EMILIA,67,OCDIAGUITA_239_2025.pdf,,ade6fcdb-bb51-4f10-ba02-9395e35ea2f2,49ef00e7-bc77-46e4-beeb-5efb1a500049,https://portal.unlu.edu.ar/sudocu/api/archivos/publico/ade6fcdb-bb51-4f10-ba02-9395e35ea2f2?id_archivo=ade6fcdb-bb51-4f10-ba02-9395e35ea2f2&id_documento=49ef00e7-bc77-46e4-beeb-5efb1a500049,ORDENES DE COMPRA,OCDIAGUITA,239,2025,UNLu,11/11/2025
ORDEN DE COMPRA DIAGUITA,OCDIAGUITA : 238 / 2025,Autorizado,10/11/2025,EXP. 868/25 - ODC 238/25 - SOCIEDAD LEY 19550 CAP I SECCION IV DE STAROPOLI PABLO Y BERTOIA FRANCO,68,OCDIAGUITA_238_2025.pdf,,456e2375-d87c-4cf3-8c00-1390bda0a1fb,7e3d9ab7-2b8c-4fb0-a6f0-6b0bd317d6da,https://portal.unlu.edu.ar/sudocu/api/archivos/publico/456e2375-d87c-4cf3-8c00-1390bda0a1fb?id_archivo=456e2375-d87c-4cf3-8c00-1390bda0a1fb&id_documento=7e3d9ab7-2b8c-4fb0-a6f0-6b0bd317d6da,ORDENES DE COMPRA,OCDIAGUITA,238,2025,UNLu,07/11/2025
ORDEN DE COMPRA DIAGUITA,OCDIAGUITA : 237 / 2025,Autorizado,07/11/2025,EXP. 997/25 - ODC 237/25 - JOSE R. PICASSO S.A.,69,OCDIAGUITA_237_2025.pdf,,4471b966-c066-48d5-9b4a-b91307197272,10064e7c-4e99-45e2-bbb3-4f34fba5f5c5,https://portal.unlu.edu.ar/sudocu/api/archivos/publico/4471b966-c066-48d5-9b4a-b91307197272?id_archivo=4471b966-c066-48d5-9b4a-b91307197272&id_documento=10064e7c-4e99-45e2-bbb3-4f34fba5f5c5,ORDENES DE COMPRA,OCDIAGUITA,237,2025,UNLu,07/11/2025
ORDEN DE COMPRA DIAGUITA,OCDIAGUITA : 236 / 2025,Autorizado,06/11/2025,EXP. 615/25 - ODC 236/25 - M.D.P. SISTEMAS DIGITALES S.R.L.,70,OCDIAGUITA_236_2025.pdf,,db41593e-d309-4894-9495-5cddeeb36531,2ced8842-1894-4499-b3c2-2be898c06ee6,https://portal.unlu.edu.ar/sudocu/api/archivos/publico/db41593e-d309-4894-9495-5cddeeb36531?id_archivo=db41593e-d309-4894-9495-5cddeeb36531&id_documento=2ced8842-1894-4499-b3c2-2be898c06ee6,ORDENES DE COMPRA,OCDIAGUITA,236,2025,UNLu,06/11/2025
ORDEN DE COMPRA DIAGUITA,OCDIAGUITA : 235 / 2025,Autorizado,05/11/2025,EXP. 899/25 - ODC 235/25 - HABITAT ECOLOGICO S.A.,71,OCDIAGUITA_235_2025.pdf,,a1dac801-7f6e-46f7-ae9f-87bbec75ff5c,d3458a19-3c08-4bad-b0f6-9debd539745c,https://portal.unlu.edu.ar/sudocu/api/archivos/publico/a1dac801-7f6e-46f7-ae9f-87bbec75ff5c?id_archivo=a1dac801-7f6e-46f7-ae9f-87bbec75ff5c&id_documento=d3458a19-3c08-4bad-b0f6-9debd539745c,ORDENES DE COMPRA,OCDIAGUITA,235,2025,UNLu,05/11/2025
ORDEN DE COMPRA DIAGUITA,OCDIAGUITA : 234 / 2025,Autorizado,05/11/2025,EXP. 1015/25 - ODC 234/25 - E-LIBRO S.R.L.,72,OCDIAGUITA_234_2025.pdf,,41bb50c4-c545-40f3-857e-4d98b8f39022,8f359771-54bf-452d-bcab-39757f6ca7de,https://portal.unlu.edu.ar/sudocu/api/archivos/publico/41bb50c4-c545-40f3-857e-4d98b8f39022?id_archivo=41bb50c4-c545-40f3-857e-4d98b8f39022&id_documento=8f359771-54bf-452d-bcab-39757f6ca7de,ORDENES DE COMPRA,OCDIAGUITA,234,2025,UNLu,05/11/2025
ORDEN DE COMPRA DIAGUITA,OCDIAGUITA : 233 / 2025,Autorizado,05/11/2025,EXP. 1075/25 - ODC 233/25 - AGROCOMERCIAL ALTAN S.R.L,73,OCDIAGUITA_233_2025.pdf,,68c40f10-aa17-475f-8bab-b6607601423d,74ef7cad-0176-4498-abe7-e7aedffbb995,https://portal.unlu.edu.ar/sudocu/api/archivos/publico/68c40f10-aa17-475f-8bab-b6607601423d?id_archivo=68c40f10-aa17-475f-8bab-b6607601423d&id_documento=74ef7cad-0176-4498-abe7-e7aedffbb995,ORDENES DE COMPRA,OCDIAGUITA,233,2025,UNLu,05/11/2025
ORDEN DE COMPRA DIAGUITA,OCDIAGUITA : 232 / 2025,Autorizado,04/11/2025,EXP. 1033/25 - ODC 232/25 - GAGO MARTA EMILIA,74,OCDIAGUITA_232_2025.pdf,,9ccbacb2-5f08-4471-bfaa-26bfe89d4ead,11d8733f-0f87-4347-a500-34ce77ff7977,https://portal.unlu.edu.ar/sudocu/api/archivos/publico/9ccbacb2-5f08-4471-bfaa-26bfe89d4ead?id_archivo=9ccbacb2-5f08-4471-bfaa-26bfe89d4ead&id_documento=11d8733f-0f87-4347-a500-34ce77ff7977,ORDENES DE COMPRA,OCDIAGUITA,232,2025,UNLu,04/11/2025
ORDEN DE COMPRA DIAGUITA,OCDIAGUITA : 231 / 2025,Autorizado,04/11/2025,EXP. 653/25 - ODC 231/25 - RESEARCH AG S.A.,75,OCDIAGUITA_231_2025.pdf,,aa433fe3-cd4d-47d9-a612-a0fb358afac0,47620bd8-6f2a-40d7-b412-ba0af2f150eb,https://portal.unlu.edu.ar/sudocu/api/archivos/publico/aa433fe3-cd4d-47d9-a612-a0fb358afac0?id_archivo=aa433fe3-cd4d-47d9-a612-a0fb358afac0&id_documento=47620bd8-6f2a-40d7-b412-ba0af2f150eb,ORDENES DE COMPRA,OCDIAGUITA,231,2025,UNLu,04/11/2025
ORDEN DE COMPRA DIAGUITA,OCDIAGUITA : 230 / 2025,Autorizado,31/10/2025,EXP. 1047/25 - ODC 230/25 - RUTATLANTICA S.A.,76,OCDIAGUITA_230_2025.pdf,,f00e704c-d9dd-4112-8b58-11652aafcf95,7bc1c3bc-7cb8-4745-8d18-2a9d7ba44510,https://portal.unlu.edu.ar/sudocu/api/archivos/publico/f00e704c-d9dd-4112-8b58-11652aafcf95?id_archivo=f00e704c-d9dd-4112-8b58-11652aafcf95&id_documento=7bc1c3bc-7cb8-4745-8d18-2a9d7ba44510,ORDENES DE COMPRA,OCDIAGUITA,230,2025,UNLu,31/10/2025
ORDEN DE COMPRA DIAGUITA,OCDIAGUITA : 229 / 2025,Autorizado,03/11/2025,EXP:529/2025 - GERONIMO DOS SOLES S.A.,77,OCDIAGUITA_229_2025.pdf,,f91ca1e8-39d9-4bef-ae73-11af22f0af31,e2723814-b49c-4011-aa8c-e838ae93a32b,https://portal.unlu.edu.ar/sudocu/api/archivos/publico/f91ca1e8-39d9-4bef-ae73-11af22f0af31?id_archivo=f91ca1e8-39d9-4bef-ae73-11af22f0af31&id_documento=e2723814-b49c-4011-aa8c-e838ae93a32b,ORDENES DE COMPRA,OCDIAGUITA,229,2025,UNLu,29/10/2025
ORDEN DE COMPRA DIAGUITA,OCDIAGUITA : 228 / 2025,Autorizado,03/11/2025,EXP:529/2025 - DI LAVORE S.R.L.,78,OCDIAGUITA_228_2025.pdf,,74008830-75dc-422a-ae18-e142552de851,d0b3fb54-8288-40f2-b688-df7a02a89e0e,https://portal.unlu.edu.ar/sudocu/api/archivos/publico/74008830-75dc-422a-ae18-e142552de851?id_archivo=74008830-75dc-422a-ae18-e142552de851&id_documento=d0b3fb54-8288-40f2-b688-df7a02a89e0e,ORDENES DE COMPRA,OCDIAGUITA,228,2025,UNLu,29/10/2025
ORDEN DE COMPRA DIAGUITA,OCDIAGUITA : 227 / 2025,Autorizado,27/10/2025,EXP. 1012/25 - ODC 227/25 - DOT LIB INFORMATION LLC,79,OCDIAGUITA_227_2025.pdf,,6a3051a5-4877-4872-9752-17bf8a0e2d95,411449a9-b3f4-4b4c-b285-f1776356d61d,https://portal.unlu.edu.ar/sudocu/api/archivos/publico/6a3051a5-4877-4872-9752-17bf8a0e2d95?id_archivo=6a3051a5-4877-4872-9752-17bf8a0e2d95&id_documento=411449a9-b3f4-4b4c-b285-f1776356d61d,ORDENES DE COMPRA,OCDIAGUITA,227,2025,UNLu,24/10/2025
ORDEN DE COMPRA DIAGUITA,OCDIAGUITA : 226 / 2025,Autorizado,24/10/2025,EXP. 997/25 - ODC 226/25 - PICASSO,80,OCDIAGUITA_226_2025.pdf,,cdea673c-940a-4ed9-a521-b4d17531f451,96be19a4-978e-4f03-aa41-5cc8f8a8b822,https://portal.unlu.edu.ar/sudocu/api/archivos/publico/cdea673c-940a-4ed9-a521-b4d17531f451?id_archivo=cdea673c-940a-4ed9-a521-b4d17531f451&id_documento=96be19a4-978e-4f03-aa41-5cc8f8a8b822,ORDENES DE COMPRA,OCDIAGUITA,226,2025,UNLu,24/10/2025
ORDEN DE COMPRA DIAGUITA,OCDIAGUITA : 225 / 2025,Autorizado,24/10/2025,EXP. 997/25 - ODC 225/25 - Moreno Diego Hernán,81,OCDIAGUITA_225_2025.pdf,,7f6f45d2-1354-49c9-9550-565a88359269,010f3755-92ef-48c3-a0da-e3000b3cf8f9,https://portal.unlu.edu.ar/sudocu/api/archivos/publico/7f6f45d2-1354-49c9-9550-565a88359269?id_archivo=7f6f45d2-1354-49c9-9550-565a88359269&id_documento=010f3755-92ef-48c3-a0da-e3000b3cf8f9,ORDENES DE COMPRA,OCDIAGUITA,225,2025,UNLu,24/10/2025
ORDEN DE COMPRA DIAGUITA,OCDIAGUITA : 224 / 2025,Autorizado,23/10/2025,EXP. 1011/25 - ODC 224/25 - DA RONCO RICARDO OMAR,82,OCDIAGUITA_224_2025.pdf,,01589610-2886-47e0-96ba-55db71cb7422,09708524-dbb6-4d1a-90ce-b37f83ed7fcd,https://portal.unlu.edu.ar/sudocu/api/archivos/publico/01589610-2886-47e0-96ba-55db71cb7422?id_archivo=01589610-2886-47e0-96ba-55db71cb7422&id_documento=09708524-dbb6-4d1a-90ce-b37f83ed7fcd,ORDENES DE COMPRA,OCDIAGUITA,224,2025,UNLu,23/10/2025
ORDEN DE COMPRA DIAGUITA,OCDIAGUITA : 223 / 2025,Autorizado,23/10/2025,EXP. 814/25 - ODC 223/25 - BENITEZ ANDREA VIVIANA,83,OCDIAGUITA_223_2025.pdf,,3907bf68-da54-46a3-a857-0e025242e31e,d1200827-5f77-4b22-8407-ccaacd89a4c4,https://portal.unlu.edu.ar/sudocu/api/archivos/publico/3907bf68-da54-46a3-a857-0e025242e31e?id_archivo=3907bf68-da54-46a3-a857-0e025242e31e&id_documento=d1200827-5f77-4b22-8407-ccaacd89a4c4,ORDENES DE COMPRA,OCDIAGUITA,223,2025,UNLu,23/10/2025
ORDEN DE COMPRA DIAGUITA,OCDIAGUITA : 222 / 2025,Autorizado,23/10/2025,EXP. 1016/25 - ODC 222/25 - QUIROGA NICOLAS WALDO,84,OCDIAGUITA_222_2025.pdf,,e2506e5a-ade2-431e-991a-392a7182c64d,2cf7e691-0972-4560-a918-90a2e0775367,https://portal.unlu.edu.ar/sudocu/api/archivos/publico/e2506e5a-ade2-431e-991a-392a7182c64d?id_archivo=e2506e5a-ade2-431e-991a-392a7182c64d&id_documento=2cf7e691-0972-4560-a918-90a2e0775367,ORDENES DE COMPRA,OCDIAGUITA,222,2025,UNLu,22/10/2025
ORDEN DE COMPRA DIAGUITA,OCDIAGUITA : 221 / 2025,Autorizado,23/10/2025,EXP. 989/25 - ODC 221/25 - RESEARCH AG S.A.,85,OCDIAGUITA_221_2025.pdf,,b2d45439-47be-4bce-a547-90721f253ecb,fcf8bf8d-198f-4413-a5a5-7272343e3847,https://portal.unlu.edu.ar/sudocu/api/archivos/publico/b2d45439-47be-4bce-a547-90721f253ecb?id_archivo=b2d45439-47be-4bce-a547-90721f253ecb&id_documento=fcf8bf8d-198f-4413-a5a5-7272343e3847,ORDENES DE COMPRA,OCDIAGUITA,221,2025,UNLu,22/10/2025
ORDEN DE COMPRA DIAGUITA,OCDIAGUITA : 220 / 2025,Autorizado,20/10/2025,EXP. 1178/24 - ODC 220/25 - LIKA HORMIGON S.A.,86,OCDIAGUITA_220_2025.pdf,,d1e48d0c-d794-4337-a2e1-0fac03822252,38ba59b0-4a31-4bb7-b127-ed0a56b6c4b0,https://portal.unlu.edu.ar/sudocu/api/archivos/publico/d1e48d0c-d794-4337-a2e1-0fac03822252?id_archivo=d1e48d0c-d794-4337-a2e1-0fac03822252&id_documento=38ba59b0-4a31-4bb7-b127-ed0a56b6c4b0,ORDENES DE COMPRA,OCDIAGUITA,220,2025,UNLu,20/10/2025
ORDEN DE COMPRA DIAGUITA,OCDIAGUITA : 219 / 2025,Autorizado,20/10/2025,EXP. 1019/25 - ODC 219/25 - SOLARI S.A.,87,OCDIAGUITA_219_2025.pdf,,8713b494-55c4-483a-8596-433d5c22f111,40251114-5b9b-4fb1-b26e-00bfc3bbab8e,https://portal.unlu.edu.ar/sudocu/api/archivos/publico/8713b494-55c4-483a-8596-433d5c22f111?id_archivo=8713b494-55c4-483a-8596-433d5c22f111&id_documento=40251114-5b9b-4fb1-b26e-00bfc3bbab8e,ORDENES DE COMPRA,OCDIAGUITA,219,2025,UNLu,20/10/2025
ORDEN DE COMPRA DIAGUITA,OCDIAGUITA : 218 / 2025,Autorizado,20/10/2025,EXP. 991/25 - ODC 218/25 - PLANETA HOGAR S.R.L.,88,OCDIAGUITA_218_2025.pdf,,3c5b6e80-7a39-49e2-bb03-4e9addd6e36f,52c99fee-6707-4027-ba9f-fee9a7210412,https://portal.unlu.edu.ar/sudocu/api/archivos/publico/3c5b6e80-7a39-49e2-bb03-4e9addd6e36f?id_archivo=3c5b6e80-7a39-49e2-bb03-4e9addd6e36f&id_documento=52c99fee-6707-4027-ba9f-fee9a7210412,ORDENES DE COMPRA,OCDIAGUITA,218,2025,UNLu,20/10/2025
ORDEN DE COMPRA DIAGUITA,OCDIAGUITA : 217 / 2025,Autorizado,22/10/2025,EXP. 827/25 - ODC 217/25 - DIEGO HERNAN MORENO,89,OCDIAGUITA_217_2025.pdf,,bec14750-5f9a-4e5c-b62f-2be16eb36f7e,138c9ce1-06ec-4add-93b6-e03f189695fd,https://portal.unlu.edu.ar/sudocu/api/archivos/publico/bec14750-5f9a-4e5c-b62f-2be16eb36f7e?id_archivo=bec14750-5f9a-4e5c-b62f-2be16eb36f7e&id_documento=138c9ce1-06ec-4add-93b6-e03f189695fd,ORDENES DE COMPRA,OCDIAGUITA,217,2025,UNLu,20/10/2025
ORDEN DE COMPRA DIAGUITA,OCDIAGUITA : 216 / 2025,Autorizado,15/10/2025,EXP. 572/25 - ODC 2016/25 - QUIMICA CORDOBA S.A.,90,OCDIAGUITA_216_2025.pdf,,75aced7e-a4c0-4b2e-86f0-aae6601c0fb0,219fcc90-e928-415d-af2b-555a7a90bd88,https://portal.unlu.edu.ar/sudocu/api/archivos/publico/75aced7e-a4c0-4b2e-86f0-aae6601c0fb0?id_archivo=75aced7e-a4c0-4b2e-86f0-aae6601c0fb0&id_documento=219fcc90-e928-415d-af2b-555a7a90bd88,ORDENES DE COMPRA,OCDIAGUITA,216,2025,UNLu,15/10/2025
ORDEN DE COMPRA DIAGUITA,OCDIAGUITA : 215 / 2025,Autorizado,15/10/2025,EXP. 572/25 - ODC 215/25 - BIOARTIS S.R.L.,91,OCDIAGUITA_215_2025.pdf,,50d47f99-b10d-48bf-8448-fc0b8f8a6ab0,8e2dccee-8089-460b-b8e5-23ec29509b1f,https://portal.unlu.edu.ar/sudocu/api/archivos/publico/50d47f99-b10d-48bf-8448-fc0b8f8a6ab0?id_archivo=50d47f99-b10d-48bf-8448-fc0b8f8a6ab0&id_documento=8e2dccee-8089-460b-b8e5-23ec29509b1f,ORDENES DE COMPRA,OCDIAGUITA,215,2025,UNLu,15/10/2025
ORDEN DE COMPRA DIAGUITA,OCDIAGUITA : 214 / 2025,Autorizado,15/10/2025,EXP. 572/25 - ODC 214/25 - MEDICA-TEC S.R.L,92,OCDIAGUITA_214_2025.pdf,,edcc2d3f-aad1-4015-89af-66db059c65ef,1ca04953-9118-4dba-8ea0-6d9b2c3552a7,https://portal.unlu.edu.ar/sudocu/api/archivos/publico/edcc2d3f-aad1-4015-89af-66db059c65ef?id_archivo=edcc2d3f-aad1-4015-89af-66db059c65ef&id_documento=1ca04953-9118-4dba-8ea0-6d9b2c3552a7,ORDENES DE COMPRA,OCDIAGUITA,214,2025,UNLu,15/10/2025
ORDEN DE COMPRA DIAGUITA,OCDIAGUITA : 213 / 2025,Autorizado,15/10/2025,EXP. 310/25 - ODC 213/25 - ZUNINO MATIAS JAVIER,93,OCDIAGUITA_213_2025.pdf,,7072718a-15a5-4f33-8048-e1df5f1ec649,d4025a6f-4404-4a4a-84ca-df06cd30c917,https://portal.unlu.edu.ar/sudocu/api/archivos/publico/7072718a-15a5-4f33-8048-e1df5f1ec649?id_archivo=7072718a-15a5-4f33-8048-e1df5f1ec649&id_documento=d4025a6f-4404-4a4a-84ca-df06cd30c917,ORDENES DE COMPRA,OCDIAGUITA,213,2025,UNLu,15/10/2025
ORDEN DE COMPRA,ORC : 213 / 2024,Autorizado,27/12/2024,OC213_24_exp_191_24  Fadi SAIC,94,ORC_213_2024.pdf,,ed8b77c8-f58b-4c28-9d5e-15824eafa26c,340a1282-02c4-4dea-9d5a-083dab09b4ff,https://portal.unlu.edu.ar/sudocu/api/archivos/publico/ed8b77c8-f58b-4c28-9d5e-15824eafa26c?id_archivo=ed8b77c8-f58b-4c28-9d5e-15824eafa26c&id_documento=340a1282-02c4-4dea-9d5a-083dab09b4ff,ORDENES DE COMPRA,ORC,213,2024,UNLu,27/12/2024
ORDEN DE COMPRA DIAGUITA,OCDIAGUITA : 212 / 2025,Autorizado,15/10/2025,EXP. 310/25 - ODC 212/25 - GARUZZO ROBERTO,95,OCDIAGUITA_212_2025.pdf,,83d408e0-44db-46f3-862b-f6549cdcbcf5,7dd725ce-ae2b-4a8a-ab93-907e598bb9c7,https://portal.unlu.edu.ar/sudocu/api/archivos/publico/83d408e0-44db-46f3-862b-f6549cdcbcf5?id_archivo=83d408e0-44db-46f3-862b-f6549cdcbcf5&id_documento=7dd725ce-ae2b-4a8a-ab93-907e598bb9c7,ORDENES DE COMPRA,OCDIAGUITA,212,2025,UNLu,15/10/2025
ORDEN DE COMPRA,ORC : 212 / 2024,Autorizado,27/12/2024,OC 212_24_exp_191_24Indumentaria Luján S.A.,96,ORC_212_2024.pdf,,30362829-0a47-4829-9343-83740ff8abcf,c083a74a-afab-4529-8c2a-292a7dc1455b,https://portal.unlu.edu.ar/sudocu/api/archivos/publico/30362829-0a47-4829-9343-83740ff8abcf?id_archivo=30362829-0a47-4829-9343-83740ff8abcf&id_documento=c083a74a-afab-4529-8c2a-292a7dc1455b,ORDENES DE COMPRA,ORC,212,2024,UNLu,27/12/2024
ORDEN DE COMPRA DIAGUITA,OCDIAGUITA : 211 / 2025,Autorizado,14/10/2025,EXP. 579/25 - ODC 211/25 - HERNANDEZ MARIA ROSA,97,OCDIAGUITA_211_2025.pdf,,7e968285-e843-4e3e-99b6-619dbf1f1b89,c0ddb152-c7bd-4718-b576-928a2eaf7f74,https://portal.unlu.edu.ar/sudocu/api/archivos/publico/7e968285-e843-4e3e-99b6-619dbf1f1b89?id_archivo=7e968285-e843-4e3e-99b6-619dbf1f1b89&id_documento=c0ddb152-c7bd-4718-b576-928a2eaf7f74,ORDENES DE COMPRA,OCDIAGUITA,211,2025,UNLu,14/10/2025
ORDEN DE COMPRA,ORC : 211 / 2024,Autorizado,27/12/2024,OC211_24_exp_191_24 Confal S.A.,98,ORC_211_2024.pdf,,105a597c-4db5-4ff9-bdab-828333a4a1d3,7e4babe4-0612-482b-b918-0904d1f95394,https://portal.unlu.edu.ar/sudocu/api/archivos/publico/105a597c-4db5-4ff9-bdab-828333a4a1d3?id_archivo=105a597c-4db5-4ff9-bdab-828333a4a1d3&id_documento=7e4babe4-0612-482b-b918-0904d1f95394,ORDENES DE COMPRA,ORC,211,2024,UNLu,27/12/2024
ORDEN DE COMPRA DIAGUITA,OCDIAGUITA : 210 / 2025,Autorizado,14/10/2025,EXP. 834/25 - 210/25 - LOBOV Y CIA S.A.,99,OCDIAGUITA_210_2025.pdf,,e6091558-f6e1-408a-bcd6-137a092f960e,74279f44-879c-4dc9-8505-2e9667fe94bd,https://portal.unlu.edu.ar/sudocu/api/archivos/publico/e6091558-f6e1-408a-bcd6-137a092f960e?id_archivo=e6091558-f6e1-408a-bcd6-137a092f960e&id_documento=74279f44-879c-4dc9-8505-2e9667fe94bd,ORDENES DE COMPRA,OCDIAGUITA,210,2025,UNLu,14/10/2025
ORDEN DE COMPRA,ORC : 210 / 2024,Autorizado,27/12/2024,OC_210_324_exp_191_24 Lacunza Débora,100,ORC_210_2024.pdf,,b1302d0f-acfe-4ce3-ad5b-0b2b296ac8b2,88444d56-479d-46c5-bdbf-a511a47b0c44,https://portal.unlu.edu.ar/sudocu/api/archivos/publico/b1302d0f-acfe-4ce3-ad5b-0b2b296ac8b2?id_archivo=b1302d0f-acfe-4ce3-ad5b-0b2b296ac8b2&id_documento=88444d56-479d-46c5-bdbf-a511a47b0c44,ORDENES DE COMPRA,ORC,210,2024,UNLu,27/12/2024
ORDEN DE COMPRA,ORC : 209 / 2024,Autorizado,27/12/2024,OC 209_24_exp_191_24Crimer Enrique Eduardo,101,ORC_209_2024.pdf,,d4f22174-54b8-43a7-aa7e-128004ad0faa,24135cd5-e24f-495f-b1a7-0b15dca001b5,https://portal.unlu.edu.ar/sudocu/api/archivos/publico/d4f22174-54b8-43a7-aa7e-128004ad0faa?id_archivo=d4f22174-54b8-43a7-aa7e-128004ad0faa&id_documento=24135cd5-e24f-495f-b1a7-0b15dca001b5,ORDENES DE COMPRA,ORC,209,2024,UNLu,27/12/2024
ORDEN DE COMPRA DIAGUITA,OCDIAGUITA : 208 / 2025,Autorizado,14/10/2025,EXP. 905/25 - ODC 208/25 - NICOLAI JUAN MARINO,102,OCDIAGUITA_208_2025.pdf,,fcc9d355-c13f-420f-85d4-cb67a59d231d,10c8bc5b-8782-4ee9-8b31-ac1daf5617ba,https://portal.unlu.edu.ar/sudocu/api/archivos/publico/fcc9d355-c13f-420f-85d4-cb67a59d231d?id_archivo=fcc9d355-c13f-420f-85d4-cb67a59d231d&id_documento=10c8bc5b-8782-4ee9-8b31-ac1daf5617ba,ORDENES DE COMPRA,OCDIAGUITA,208,2025,UNLu,14/10/2025
ORDEN DE COMPRA,ORC : 208 / 2024,Autorizado,27/12/2024,EXP-LUJ Nº 916/24. ORDEN DE COMPRA Nº 208/24. INIESTA FRANCISCO JAVIER,103,ORC_208_2024.pdf,,96b090e3-ae9d-4891-82f7-966a75391963,68626f4f-a474-4e33-852f-2fe67500808f,https://portal.unlu.edu.ar/sudocu/api/archivos/publico/96b090e3-ae9d-4891-82f7-966a75391963?id_archivo=96b090e3-ae9d-4891-82f7-966a75391963&id_documento=68626f4f-a474-4e33-852f-2fe67500808f,ORDENES DE COMPRA,ORC,208,2024,UNLu,27/12/2024
ORDEN DE COMPRA DIAGUITA,OCDIAGUITA : 207 / 2025,Autorizado,14/10/2025,EXP. 905/25 - ODC 207/25 - VARGAS SANTIAGO DANTE JOEL,104,OCDIAGUITA_207_2025.pdf,,ca22bd66-d560-430d-851a-4838c726bd3f,7dc82a81-a389-4378-8d32-1f0773ac31a7,https://portal.unlu.edu.ar/sudocu/api/archivos/publico/ca22bd66-d560-430d-851a-4838c726bd3f?id_archivo=ca22bd66-d560-430d-851a-4838c726bd3f&id_documento=7dc82a81-a389-4378-8d32-1f0773ac31a7,ORDENES DE COMPRA,OCDIAGUITA,207,2025,UNLu,14/10/2025
ORDEN DE COMPRA,ORC : 207 / 2024,Autorizado,27/12/2024,OC207_24_exp_916_24ROLIC S.A.,105,ORC_207_2024.pdf,,867ab52b-a9c8-4668-b1a2-90e673d4ecdb,193155a8-9da4-4791-aa45-fcf331607bed,https://portal.unlu.edu.ar/sudocu/api/archivos/publico/867ab52b-a9c8-4668-b1a2-90e673d4ecdb?id_archivo=867ab52b-a9c8-4668-b1a2-90e673d4ecdb&id_documento=193155a8-9da4-4791-aa45-fcf331607bed,ORDENES DE COMPRA,ORC,207,2024,UNLu,27/12/2024
ORDEN DE COMPRA DIAGUITA,OCDIAGUITA : 206 / 2025,Autorizado,14/10/2025,EXP. 905/25 - ODC 206/25 - PEPE HUGO DANIEL,106,OCDIAGUITA_206_2025.pdf,,b31ba744-06c2-4351-902d-c23dfd3018ec,a496f61f-0b96-4643-bde0-e910a3e2e175,https://portal.unlu.edu.ar/sudocu/api/archivos/publico/b31ba744-06c2-4351-902d-c23dfd3018ec?id_archivo=b31ba744-06c2-4351-902d-c23dfd3018ec&id_documento=a496f61f-0b96-4643-bde0-e910a3e2e175,ORDENES DE COMPRA,OCDIAGUITA,206,2025,UNLu,14/10/2025
ORDEN DE COMPRA,ORC : 206 / 2024,Autorizado,27/12/2024,"EXP - LUJ Nº 916/24. ORDEN DE COMPRA 206/24 GAGO, MARTA EMILIA",107,ORC_206_2024.pdf,,3a37b123-1119-459c-b65a-9f38dee9bf9f,bf13c94f-5d80-40bf-98ab-7d1208421e84,https://portal.unlu.edu.ar/sudocu/api/archivos/publico/3a37b123-1119-459c-b65a-9f38dee9bf9f?id_archivo=3a37b123-1119-459c-b65a-9f38dee9bf9f&id_documento=bf13c94f-5d80-40bf-98ab-7d1208421e84,ORDENES DE COMPRA,ORC,206,2024,UNLu,27/12/2024
ORDEN DE COMPRA DIAGUITA,OCDIAGUITA : 205 / 2025,Autorizado,13/10/2025,EXP. 826/25 - ODC 205/25 - CAMPONUEVO DE CAPITAL FEDERAL S.R.L.,108,OCDIAGUITA_205_2025.pdf,,bec65444-8f22-475b-9471-b12c8e7e7996,2a9ea32b-7b3a-4d48-9fbc-fcb9c86724bd,https://portal.unlu.edu.ar/sudocu/api/archivos/publico/bec65444-8f22-475b-9471-b12c8e7e7996?id_archivo=bec65444-8f22-475b-9471-b12c8e7e7996&id_documento=2a9ea32b-7b3a-4d48-9fbc-fcb9c86724bd,ORDENES DE COMPRA,OCDIAGUITA,205,2025,UNLu,13/10/2025
ORDEN DE COMPRA,ORC : 205 / 2024,Autorizado,27/12/2024,EXP- LUJ Nº 916/24 ORDEN DE COMPRA  Nº 205/24. Raúl Mónaco,109,ORC_205_2024.pdf,,e55c3269-7195-4718-b225-5463d31a1ee3,40ba6587-8b4a-4995-bcb8-249596f2d536,https://portal.unlu.edu.ar/sudocu/api/archivos/publico/e55c3269-7195-4718-b225-5463d31a1ee3?id_archivo=e55c3269-7195-4718-b225-5463d31a1ee3&id_documento=40ba6587-8b4a-4995-bcb8-249596f2d536,ORDENES DE COMPRA,ORC,205,2024,UNLu,27/12/2024
ORDEN DE COMPRA DIAGUITA,OCDIAGUITA : 204 / 2025,Autorizado,13/10/2025,EXP. 860/25 - ODC 204/25 - IRAM,110,OCDIAGUITA_204_2025.pdf,,64b8626c-55c4-4566-a356-ac23cb6f129a,abcb400b-9b00-4b6d-8fe1-6903a80463ae,https://portal.unlu.edu.ar/sudocu/api/archivos/publico/64b8626c-55c4-4566-a356-ac23cb6f129a?id_archivo=64b8626c-55c4-4566-a356-ac23cb6f129a&id_documento=abcb400b-9b00-4b6d-8fe1-6903a80463ae,ORDENES DE COMPRA,OCDIAGUITA,204,2025,UNLu,13/10/2025
ORDEN DE COMPRA,ORC : 204 / 2024,Autorizado,27/12/2024,EXP-LUJ Nº 630/24. ORDEN DE COMPRA Nº 204/24,111,ORC_204_2024.pdf,,7f008425-7826-44a8-b435-adf500f6807f,9fcc722c-dc6c-4412-ae24-43ebb5f50c2d,https://portal.unlu.edu.ar/sudocu/api/archivos/publico/7f008425-7826-44a8-b435-adf500f6807f?id_archivo=7f008425-7826-44a8-b435-adf500f6807f&id_documento=9fcc722c-dc6c-4412-ae24-43ebb5f50c2d,ORDENES DE COMPRA,ORC,204,2024,UNLu,27/12/2024
ORDEN DE COMPRA DIAGUITA,OCDIAGUITA : 203 / 2025,Autorizado,06/10/2025,EXP. 866/25 - ODC 203/25 - GERONIMO,112,OCDIAGUITA_203_2025.pdf,,16754209-cfbe-4f5c-b4d5-a4aeef512929,80e8ca91-19d3-4c79-80e9-9db95f976650,https://portal.unlu.edu.ar/sudocu/api/archivos/publico/16754209-cfbe-4f5c-b4d5-a4aeef512929?id_archivo=16754209-cfbe-4f5c-b4d5-a4aeef512929&id_documento=80e8ca91-19d3-4c79-80e9-9db95f976650,ORDENES DE COMPRA,OCDIAGUITA,203,2025,UNLu,06/10/2025
ORDEN DE COMPRA,ORC : 203 / 2024,Autorizado,26/12/2024,EXP-LUJ Nº 856/24 ORDEN DE COMPRA Nº 203/24,113,ORC_203_2024.pdf,,19a32bd2-b4bb-4aee-9825-2d4e15d7037c,64b01b81-0f95-4992-9015-86dcb98147d3,https://portal.unlu.edu.ar/sudocu/api/archivos/publico/19a32bd2-b4bb-4aee-9825-2d4e15d7037c?id_archivo=19a32bd2-b4bb-4aee-9825-2d4e15d7037c&id_documento=64b01b81-0f95-4992-9015-86dcb98147d3,ORDENES DE COMPRA,ORC,203,2024,UNLu,26/12/2024
ORDEN DE COMPRA DIAGUITA,OCDIAGUITA : 202 / 2025,Autorizado,06/10/2025,EXP. 866/25 - ODC 202/25 - VAZQUEZ,114,OCDIAGUITA_202_2025.pdf,,8f4bf8d5-269a-4229-b6e0-b0226cf71c3a,07d35ab7-2f70-436a-bdb0-126d2cf90347,https://portal.unlu.edu.ar/sudocu/api/archivos/publico/8f4bf8d5-269a-4229-b6e0-b0226cf71c3a?id_archivo=8f4bf8d5-269a-4229-b6e0-b0226cf71c3a&id_documento=07d35ab7-2f70-436a-bdb0-126d2cf90347,ORDENES DE COMPRA,OCDIAGUITA,202,2025,UNLu,06/10/2025
ORDEN DE COMPRA,ORC : 202 / 2024,Autorizado,26/12/2024,EXP-LUJ Nº 1070/24 ORDEN DE COMPRA Nº 202/24,115,ORC_202_2024.pdf,,fe06df72-7a0a-4256-8168-15222c5c7691,b16a4d06-8b00-472f-bc6a-4d5c81c6a65b,https://portal.unlu.edu.ar/sudocu/api/archivos/publico/fe06df72-7a0a-4256-8168-15222c5c7691?id_archivo=fe06df72-7a0a-4256-8168-15222c5c7691&id_documento=b16a4d06-8b00-472f-bc6a-4d5c81c6a65b,ORDENES DE COMPRA,ORC,202,2024,UNLu,26/12/2024
ORDEN DE COMPRA DIAGUITA,OCDIAGUITA : 201 / 2025,Autorizado,03/10/2025,EXP. 616/25 - ODC 201/25 - SILVERA,116,OCDIAGUITA_201_2025.pdf,,34c1c1a3-1838-4216-9c92-0f8074832ea4,8cd53de4-4467-43e4-8a34-02a7d1aec5f7,https://portal.unlu.edu.ar/sudocu/api/archivos/publico/34c1c1a3-1838-4216-9c92-0f8074832ea4?id_archivo=34c1c1a3-1838-4216-9c92-0f8074832ea4&id_documento=8cd53de4-4467-43e4-8a34-02a7d1aec5f7,ORDENES DE COMPRA,OCDIAGUITA,201,2025,UNLu,03/10/2025
ORDEN DE COMPRA,ORC : 201 / 2024,Autorizado,26/12/2024,EXP - LUJ Nº 1091/24. ORDEN DE COMPRA Nº 201/24,117,ORC_201_2024.pdf,,8e68eab5-05b5-41bd-a239-2bea90d44470,ce04597c-3612-43b9-a69a-daa459ef86ce,https://portal.unlu.edu.ar/sudocu/api/archivos/publico/8e68eab5-05b5-41bd-a239-2bea90d44470?id_archivo=8e68eab5-05b5-41bd-a239-2bea90d44470&id_documento=ce04597c-3612-43b9-a69a-daa459ef86ce,ORDENES DE COMPRA,ORC,201,2024,UNLu,26/12/2024
ORDEN DE COMPRA DIAGUITA,OCDIAGUITA : 200 / 2025,Autorizado,03/10/2025,EXP. 616/25 - ODC 200/25 - JUANCO,118,OCDIAGUITA_200_2025.pdf,,2581bd23-7880-405a-ab2f-adc320f0c94f,bd9279d5-ebda-4a68-b999-96b255830901,https://portal.unlu.edu.ar/sudocu/api/archivos/publico/2581bd23-7880-405a-ab2f-adc320f0c94f?id_archivo=2581bd23-7880-405a-ab2f-adc320f0c94f&id_documento=bd9279d5-ebda-4a68-b999-96b255830901,ORDENES DE COMPRA,OCDIAGUITA,200,2025,UNLu,03/10/2025
ORDEN DE COMPRA,ORC : 200 / 2024,Autorizado,26/12/2024,EXP-LUJ Nº 922/24 ORDEN DE COMPRA Nº 200/24,119,ORC_200_2024.pdf,,b153db62-1b8d-4071-93be-9651c0d0cb11,b3ae1050-5414-4555-bbe3-f5d89b91e5a0,https://portal.unlu.edu.ar/sudocu/api/archivos/publico/b153db62-1b8d-4071-93be-9651c0d0cb11?id_archivo=b153db62-1b8d-4071-93be-9651c0d0cb11&id_documento=b3ae1050-5414-4555-bbe3-f5d89b91e5a0,ORDENES DE COMPRA,ORC,200,2024,UNLu,26/12/2024
ORDEN DE COMPRA DIAGUITA,OCDIAGUITA : 199 / 2025,Autorizado,03/10/2025,EXP. 616/25 - ODC 199/25 - CHIALVO,120,OCDIAGUITA_199_2025.pdf,,cb5f38fb-9986-4302-8773-8c723205ba46,b0613b76-a9cc-456f-81b5-3bcd84761af0,https://portal.unlu.edu.ar/sudocu/api/archivos/publico/cb5f38fb-9986-4302-8773-8c723205ba46?id_archivo=cb5f38fb-9986-4302-8773-8c723205ba46&id_documento=b0613b76-a9cc-456f-81b5-3bcd84761af0,ORDENES DE COMPRA,OCDIAGUITA,199,2025,UNLu,03/10/2025
ORDEN DE COMPRA,ORC : 199 / 2024,Autorizado,26/12/2024,EXP-LUJ 922/24. ORDEN DE COMPRA Nº 199/24,121,ORC_199_2024.pdf,,f81dd4d6-38cc-47fb-a05f-ac939e7af85c,2347a6b7-1b48-487f-b0db-8b440e14b021,https://portal.unlu.edu.ar/sudocu/api/archivos/publico/f81dd4d6-38cc-47fb-a05f-ac939e7af85c?id_archivo=f81dd4d6-38cc-47fb-a05f-ac939e7af85c&id_documento=2347a6b7-1b48-487f-b0db-8b440e14b021,ORDENES DE COMPRA,ORC,199,2024,UNLu,26/12/2024
ORDEN DE COMPRA DIAGUITA,OCDIAGUITA : 198 / 2025,Autorizado,03/10/2025,EXP. 616/25 - ODC 198/25 - DA RONCO,122,OCDIAGUITA_198_2025.pdf,,9e061e76-899d-491b-afc2-df958e78572e,21b53d4c-f487-483a-a037-ba2246f84e4b,https://portal.unlu.edu.ar/sudocu/api/archivos/publico/9e061e76-899d-491b-afc2-df958e78572e?id_archivo=9e061e76-899d-491b-afc2-df958e78572e&id_documento=21b53d4c-f487-483a-a037-ba2246f84e4b,ORDENES DE COMPRA,OCDIAGUITA,198,2025,UNLu,03/10/2025
ORDEN DE COMPRA,ORC : 198 / 2024,Autorizado,26/12/2024,EXP-LUJ Nº 884/24 . ORDEN DE COMPRA  Nº 198/24,123,ORC_198_2024.pdf,,b9db5765-5929-4405-8b94-ba8378f148bc,cad6f9c3-036b-4fa4-a3ca-c8f5655e481d,https://portal.unlu.edu.ar/sudocu/api/archivos/publico/b9db5765-5929-4405-8b94-ba8378f148bc?id_archivo=b9db5765-5929-4405-8b94-ba8378f148bc&id_documento=cad6f9c3-036b-4fa4-a3ca-c8f5655e481d,ORDENES DE COMPRA,ORC,198,2024,UNLu,26/12/2024
ORDEN DE COMPRA DIAGUITA,OCDIAGUITA : 197 / 2025,Autorizado,01/10/2025,EXP. 683/25 - ODC 197/25 - NAVARRO MARIA Y PANTOSTI MARIA SOC DE HECHO,124,OCDIAGUITA_197_2025.pdf,,60ba2983-aba8-4d26-897d-4024f21a94fa,4ecd7154-6c26-4ad1-b0ea-6bb8018738ab,https://portal.unlu.edu.ar/sudocu/api/archivos/publico/60ba2983-aba8-4d26-897d-4024f21a94fa?id_archivo=60ba2983-aba8-4d26-897d-4024f21a94fa&id_documento=4ecd7154-6c26-4ad1-b0ea-6bb8018738ab,ORDENES DE COMPRA,OCDIAGUITA,197,2025,UNLu,01/10/2025
ORDEN DE COMPRA,ORC : 197 / 2024,Autorizado,20/12/2024,EXP-LUJ Nº 602/24 ORDEN DE COMPRA Nº 197/24,125,ORC_197_2024.pdf,,f78de907-88dc-4479-a018-06c4c68cfe71,f2dcd2a3-d717-41ec-b9e5-a527d0436886,https://portal.unlu.edu.ar/sudocu/api/archivos/publico/f78de907-88dc-4479-a018-06c4c68cfe71?id_archivo=f78de907-88dc-4479-a018-06c4c68cfe71&id_documento=f2dcd2a3-d717-41ec-b9e5-a527d0436886,ORDENES DE COMPRA,ORC,197,2024,UNLu,20/12/2024
ORDEN DE COMPRA DIAGUITA,OCDIAGUITA : 196 / 2025,Autorizado,01/10/2025,EXP. 740/25 - ODC 196/25 - BLANCO JOSE MARIA,126,OCDIAGUITA_196_2025.pdf,,5f4c3386-7ccd-497d-bf46-e21c013ff4e4,2ba50ba7-ee1b-434d-aac0-78a51b009c77,https://portal.unlu.edu.ar/sudocu/api/archivos/publico/5f4c3386-7ccd-497d-bf46-e21c013ff4e4?id_archivo=5f4c3386-7ccd-497d-bf46-e21c013ff4e4&id_documento=2ba50ba7-ee1b-434d-aac0-78a51b009c77,ORDENES DE COMPRA,OCDIAGUITA,196,2025,UNLu,01/10/2025
ORDEN DE COMPRA,ORC : 196 / 2024,Autorizado,19/12/2024,EXP-LUJ Nº 1045/24 . ORDEN DE COMPRA Nº 196/24,127,ORC_196_2024.pdf,,af1f1b4e-d4f0-49de-ac8f-187b747a99aa,f77ae29e-8628-4cb9-b66c-f50074040b8b,https://portal.unlu.edu.ar/sudocu/api/archivos/publico/af1f1b4e-d4f0-49de-ac8f-187b747a99aa?id_archivo=af1f1b4e-d4f0-49de-ac8f-187b747a99aa&id_documento=f77ae29e-8628-4cb9-b66c-f50074040b8b,ORDENES DE COMPRA,ORC,196,2024,UNLu,19/12/2024
ORDEN DE COMPRA DIAGUITA,OCDIAGUITA : 195 / 2025,Autorizado,01/10/2025,EXP. 740/25 - ODC 195/25 - TESTUDINES SERVICIOS S.A,128,OCDIAGUITA_195_2025.pdf,,c8e3d043-7632-492f-8393-b8b609a23279,cea51bd3-049b-4e32-ae47-a05804a9eab1,https://portal.unlu.edu.ar/sudocu/api/archivos/publico/c8e3d043-7632-492f-8393-b8b609a23279?id_archivo=c8e3d043-7632-492f-8393-b8b609a23279&id_documento=cea51bd3-049b-4e32-ae47-a05804a9eab1,ORDENES DE COMPRA,OCDIAGUITA,195,2025,UNLu,01/10/2025
ORDEN DE COMPRA,ORC : 195 / 2024,Autorizado,19/12/2024,EXP. 826/24 - ODC 195/24 - Ledesma Enrique Ramón,129,ORC_195_2024.pdf,,3c1a2623-3d58-47c4-9131-02f5da6681ba,c1c31b65-0264-40d2-b330-be9885e9a5d1,https://portal.unlu.edu.ar/sudocu/api/archivos/publico/3c1a2623-3d58-47c4-9131-02f5da6681ba?id_archivo=3c1a2623-3d58-47c4-9131-02f5da6681ba&id_documento=c1c31b65-0264-40d2-b330-be9885e9a5d1,ORDENES DE COMPRA,ORC,195,2024,UNLu,19/12/2024
ORDEN DE COMPRA DIAGUITA,OCDIAGUITA : 194 / 2025,Autorizado,01/10/2025,EXP. 317/25 - ODC 194/25 - GRIPPO LUCIANA CARLA,130,OCDIAGUITA_194_2025.pdf,,5c4664f9-b87b-4507-a99e-9cc72dc13434,1560addf-d3a4-4f2c-bef7-8d4940ec805b,https://portal.unlu.edu.ar/sudocu/api/archivos/publico/5c4664f9-b87b-4507-a99e-9cc72dc13434?id_archivo=5c4664f9-b87b-4507-a99e-9cc72dc13434&id_documento=1560addf-d3a4-4f2c-bef7-8d4940ec805b,ORDENES DE COMPRA,OCDIAGUITA,194,2025,UNLu,01/10/2025
ORDEN DE COMPRA,ORC : 194 / 2024,Autorizado,19/12/2024,EXP. 714/24 - ODC 194/24 - Sinergia Color S.A.,131,ORC_194_2024.pdf,,43fba57e-62a7-47fa-910c-c839e67b8dce,9919c5e0-ecfa-494d-84f9-0edcf7c1e9ed,https://portal.unlu.edu.ar/sudocu/api/archivos/publico/43fba57e-62a7-47fa-910c-c839e67b8dce?id_archivo=43fba57e-62a7-47fa-910c-c839e67b8dce&id_documento=9919c5e0-ecfa-494d-84f9-0edcf7c1e9ed,ORDENES DE COMPRA,ORC,194,2024,UNLu,19/12/2024
ORDEN DE COMPRA DIAGUITA,OCDIAGUITA : 193 / 2025,Autorizado,30/09/2025,EXP. 856/25 - ODC 193/25 - JUAN CARLOS CARDINALE S.R.L.,132,OCDIAGUITA_193_2025.pdf,,30d7a2db-9b2f-4740-8364-f0bb52763afb,1ad2d17c-ac54-4f72-b75f-22596cc77c3f,https://portal.unlu.edu.ar/sudocu/api/archivos/publico/30d7a2db-9b2f-4740-8364-f0bb52763afb?id_archivo=30d7a2db-9b2f-4740-8364-f0bb52763afb&id_documento=1ad2d17c-ac54-4f72-b75f-22596cc77c3f,ORDENES DE COMPRA,OCDIAGUITA,193,2025,UNLu,30/09/2025
ORDEN DE COMPRA,ORC : 193 / 2024,Autorizado,19/12/2024,EXP. 224/24 - ODC 193/24 - Soluciones Técnicas Generales S.R.L.,133,ORC_193_2024.pdf,,1ce58b0b-7ef0-48d0-9360-6bf1ab9fe5d8,e64002a8-e058-4434-9d6a-ed39ab78f231,https://portal.unlu.edu.ar/sudocu/api/archivos/publico/1ce58b0b-7ef0-48d0-9360-6bf1ab9fe5d8?id_archivo=1ce58b0b-7ef0-48d0-9360-6bf1ab9fe5d8&id_documento=e64002a8-e058-4434-9d6a-ed39ab78f231,ORDENES DE COMPRA,ORC,193,2024,UNLu,19/12/2024
ORDEN DE COMPRA DIAGUITA,OCDIAGUITA : 192 / 2025,Autorizado,30/09/2025,EXP. 852/25 - 192/25 - ERREPAR S.A.,134,OCDIAGUITA_192_2025.pdf,,ff32b962-94d4-4ef9-bbdd-7240d9b76d61,e5abe915-637f-45fa-851c-18ad578e0016,https://portal.unlu.edu.ar/sudocu/api/archivos/publico/ff32b962-94d4-4ef9-bbdd-7240d9b76d61?id_archivo=ff32b962-94d4-4ef9-bbdd-7240d9b76d61&id_documento=e5abe915-637f-45fa-851c-18ad578e0016,ORDENES DE COMPRA,OCDIAGUITA,192,2025,UNLu,30/09/2025
ORDEN DE COMPRA,ORC : 192 / 2024,Autorizado,19/12/2024,EXP. 224/24 - ODC 192/24 - Pepe Hugo Daniel,135,ORC_192_2024.pdf,,ce7f772c-3a83-4856-b8e0-4f53a33cbd2b,4b10d752-aa15-4536-a57d-7741bcab81cb,https://portal.unlu.edu.ar/sudocu/api/archivos/publico/ce7f772c-3a83-4856-b8e0-4f53a33cbd2b?id_archivo=ce7f772c-3a83-4856-b8e0-4f53a33cbd2b&id_documento=4b10d752-aa15-4536-a57d-7741bcab81cb,ORDENES DE COMPRA,ORC,192,2024,UNLu,19/12/2024
ORDEN DE COMPRA DIAGUITA,OCDIAGUITA : 191 / 2025,Autorizado,29/09/2025,EXP LUJ Nº 641/25. ORDEN DE COMPRA Nº 191/25. COASIN S.A,136,OCDIAGUITA_191_2025.pdf,,35606169-8df9-42a0-8bfe-569d0fa7ed08,51fdbeb7-3c2e-4dee-92e0-d414198421bb,https://portal.unlu.edu.ar/sudocu/api/archivos/publico/35606169-8df9-42a0-8bfe-569d0fa7ed08?id_archivo=35606169-8df9-42a0-8bfe-569d0fa7ed08&id_documento=51fdbeb7-3c2e-4dee-92e0-d414198421bb,ORDENES DE COMPRA,OCDIAGUITA,191,2025,UNLu,29/09/2025
ORDEN DE COMPRA,ORC : 191 / 2024,Autorizado,19/12/2024,EXP. 224/24 - ODC 191/24 - De Biasi Leonardo Carlos,137,ORC_191_2024.pdf,,995b217a-cf72-4e0e-a033-32eb92cd69d0,0be596f7-0291-435d-8128-a09fc969bebe,https://portal.unlu.edu.ar/sudocu/api/archivos/publico/995b217a-cf72-4e0e-a033-32eb92cd69d0?id_archivo=995b217a-cf72-4e0e-a033-32eb92cd69d0&id_documento=0be596f7-0291-435d-8128-a09fc969bebe,ORDENES DE COMPRA,ORC,191,2024,UNLu,19/12/2024
ORDEN DE COMPRA DIAGUITA,OCDIAGUITA : 190 / 2025,Autorizado,24/09/2025,EXP. 699/25 - ODC 190/25 - MIRACCA,138,OCDIAGUITA_190_2025.pdf,,742ed6d9-0a76-49da-a6ca-0eabd7454d54,c38b18f2-2d40-4e02-9bae-e8863201213e,https://portal.unlu.edu.ar/sudocu/api/archivos/publico/742ed6d9-0a76-49da-a6ca-0eabd7454d54?id_archivo=742ed6d9-0a76-49da-a6ca-0eabd7454d54&id_documento=c38b18f2-2d40-4e02-9bae-e8863201213e,ORDENES DE COMPRA,OCDIAGUITA,190,2025,UNLu,24/09/2025
ORDEN DE COMPRA,ORC : 190 / 2024,Autorizado,19/12/2024,EXP. 885/24 - ODC 190/24 - Asociacion Simple ByB Ingenieria De Patricia Beltramini Y Mauro Di Meglio,139,ORC_190_2024.pdf,,d842f269-e16e-4f5c-ad63-79864ebbdd7e,2326df57-1e0a-4067-9b7a-2a9d0fb17392,https://portal.unlu.edu.ar/sudocu/api/archivos/publico/d842f269-e16e-4f5c-ad63-79864ebbdd7e?id_archivo=d842f269-e16e-4f5c-ad63-79864ebbdd7e&id_documento=2326df57-1e0a-4067-9b7a-2a9d0fb17392,ORDENES DE COMPRA,ORC,190,2024,UNLu,18/12/2024
ORDEN DE COMPRA DIAGUITA,OCDIAGUITA : 189 / 2025,Autorizado,24/09/2025,EXP. 753/25 - ODC 189/25 - LA LEY,140,OCDIAGUITA_189_2025.pdf,,f27470fe-dddc-4a0e-98ef-7457b14084c3,16eca9e6-fb05-41fa-8e0a-c85db32f98c4,https://portal.unlu.edu.ar/sudocu/api/archivos/publico/f27470fe-dddc-4a0e-98ef-7457b14084c3?id_archivo=f27470fe-dddc-4a0e-98ef-7457b14084c3&id_documento=16eca9e6-fb05-41fa-8e0a-c85db32f98c4,ORDENES DE COMPRA,OCDIAGUITA,189,2025,UNLu,24/09/2025
ORDEN DE COMPRA,ORC : 189 / 2024,Autorizado,19/12/2024,EXP. 590/24 - ODC 189/24 - Grupo Dukbart S.A.,141,ORC_189_2024.pdf,,94d5f644-e635-4c5c-b0df-4a9ae451058c,fca2bdc9-618e-4b3d-a9e0-8f59c2b48dae,https://portal.unlu.edu.ar/sudocu/api/archivos/publico/94d5f644-e635-4c5c-b0df-4a9ae451058c?id_archivo=94d5f644-e635-4c5c-b0df-4a9ae451058c&id_documento=fca2bdc9-618e-4b3d-a9e0-8f59c2b48dae,ORDENES DE COMPRA,ORC,189,2024,UNLu,18/12/2024
ORDEN DE COMPRA DIAGUITA,OCDIAGUITA : 188 / 2025,Autorizado,23/09/2025,EXP. 36/25 - ODC 188/25 - PER SE MATERIALES S.A.,142,OCDIAGUITA_188_2025.pdf,,5ced4226-287c-4edc-b5d7-6e593e838e0a,2cf84b3a-5f7d-4275-8437-af7193fe42d2,https://portal.unlu.edu.ar/sudocu/api/archivos/publico/5ced4226-287c-4edc-b5d7-6e593e838e0a?id_archivo=5ced4226-287c-4edc-b5d7-6e593e838e0a&id_documento=2cf84b3a-5f7d-4275-8437-af7193fe42d2,ORDENES DE COMPRA,OCDIAGUITA,188,2025,UNLu,23/09/2025
ORDEN DE COMPRA,ORC : 188 / 2024,Autorizado,18/12/2024,EXP-LUJ 181/2024 - ORDEN DE COMPRA Nº 188/24 - CLEAN UP SYF S.R.L,143,ORC_188_2024.pdf,,bf62046d-7757-4234-a2bf-a6308489b413,4732ad15-3c5e-4a47-9304-3e6fa7ed43f5,https://portal.unlu.edu.ar/sudocu/api/archivos/publico/bf62046d-7757-4234-a2bf-a6308489b413?id_archivo=bf62046d-7757-4234-a2bf-a6308489b413&id_documento=4732ad15-3c5e-4a47-9304-3e6fa7ed43f5,ORDENES DE COMPRA,ORC,188,2024,UNLu,18/12/2024
ORDEN DE COMPRA DIAGUITA,OCDIAGUITA : 187 / 2025,Autorizado,23/09/2025,EXP. 36/25 - ODC 187/25 - PARAMACA S.A.,144,OCDIAGUITA_187_2025.pdf,,3eb5ece5-f11b-4ca2-ae70-15808497502a,e7362bfc-83b9-4499-9ebf-27e58eda9f7e,https://portal.unlu.edu.ar/sudocu/api/archivos/publico/3eb5ece5-f11b-4ca2-ae70-15808497502a?id_archivo=3eb5ece5-f11b-4ca2-ae70-15808497502a&id_documento=e7362bfc-83b9-4499-9ebf-27e58eda9f7e,ORDENES DE COMPRA,OCDIAGUITA,187,2025,UNLu,23/09/2025
ORDEN DE COMPRA,ORC : 187 / 2024,Autorizado,17/12/2024,OC _187_24_exp_955_24MDP Sistemas Digitales SRL,145,ORC_187_2024.pdf,,b2c6fbe9-825e-4820-9e33-756bf92adcea,860598ee-8fab-4e39-8dc7-9d5dd0b73e33,https://portal.unlu.edu.ar/sudocu/api/archivos/publico/b2c6fbe9-825e-4820-9e33-756bf92adcea?id_archivo=b2c6fbe9-825e-4820-9e33-756bf92adcea&id_documento=860598ee-8fab-4e39-8dc7-9d5dd0b73e33,ORDENES DE COMPRA,ORC,187,2024,UNLu,17/12/2024
ORDEN DE COMPRA DIAGUITA,OCDIAGUITA : 186 / 2025,Autorizado,23/09/2025,EXP. 36/25 - ODC 186/25 - CORRALONES STABILE S.R.L,146,OCDIAGUITA_186_2025.pdf,,c90f5a35-2c21-4318-b26b-f5d3bb489b73,910fc787-68d3-4df3-85b7-6cf3cf5dfb8a,https://portal.unlu.edu.ar/sudocu/api/archivos/publico/c90f5a35-2c21-4318-b26b-f5d3bb489b73?id_archivo=c90f5a35-2c21-4318-b26b-f5d3bb489b73&id_documento=910fc787-68d3-4df3-85b7-6cf3cf5dfb8a,ORDENES DE COMPRA,OCDIAGUITA,186,2025,UNLu,23/09/2025
ORDEN DE COMPRA,ORC : 186 / 2024,Autorizado,17/12/2024,OC_186_24exp_955_24 Distribuidora Juanco SRL,147,ORC_186_2024.pdf,,97aee2c6-3e8f-4877-a019-594698c606a0,a38f0ace-bb55-473f-9759-23551d3452ed,https://portal.unlu.edu.ar/sudocu/api/archivos/publico/97aee2c6-3e8f-4877-a019-594698c606a0?id_archivo=97aee2c6-3e8f-4877-a019-594698c606a0&id_documento=a38f0ace-bb55-473f-9759-23551d3452ed,ORDENES DE COMPRA,ORC,186,2024,UNLu,17/12/2024
ORDEN DE COMPRA DIAGUITA,OCDIAGUITA : 185 / 2025,Autorizado,16/09/2025,EXP. 364/25 - ODC 185/25 - ERNESTO VAN ROSSUM Y CIA S.R.L.,148,OCDIAGUITA_185_2025.pdf,,50bcd468-994d-4202-a6d6-31b3385cf6f3,df177ad0-e406-4950-8656-8ebc3748f157,https://portal.unlu.edu.ar/sudocu/api/archivos/publico/50bcd468-994d-4202-a6d6-31b3385cf6f3?id_archivo=50bcd468-994d-4202-a6d6-31b3385cf6f3&id_documento=df177ad0-e406-4950-8656-8ebc3748f157,ORDENES DE COMPRA,OCDIAGUITA,185,2025,UNLu,16/09/2025
ORDEN DE COMPRA,ORC : 185 / 2024,Autorizado,16/12/2024,ODC185_24_EXP_587_24 MEDISISTEM,149,ORC_185_2024.pdf,,ac48faa8-20d5-40bd-866d-1946b44cc6e5,28ba7ff7-3f9e-4832-bdae-875558883769,https://portal.unlu.edu.ar/sudocu/api/archivos/publico/ac48faa8-20d5-40bd-866d-1946b44cc6e5?id_archivo=ac48faa8-20d5-40bd-866d-1946b44cc6e5&id_documento=28ba7ff7-3f9e-4832-bdae-875558883769,ORDENES DE COMPRA,ORC,185,2024,UNLu,16/12/2024
ORDEN DE COMPRA DIAGUITA,OCDIAGUITA : 184 / 2025,Autorizado,16/09/2025,EXP. 364/25 - ODC 184/25 - RESEARCH,150,OCDIAGUITA_184_2025.pdf,,45cf8c31-c0fa-4d26-a546-d7aff3b2149a,2d8524f8-c5f0-4ffa-90d1-631dfee60648,https://portal.unlu.edu.ar/sudocu/api/archivos/publico/45cf8c31-c0fa-4d26-a546-d7aff3b2149a?id_archivo=45cf8c31-c0fa-4d26-a546-d7aff3b2149a&id_documento=2d8524f8-c5f0-4ffa-90d1-631dfee60648,ORDENES DE COMPRA,OCDIAGUITA,184,2025,UNLu,16/09/2025
ORDEN DE COMPRA,ORC : 184 / 2024,Autorizado,17/12/2024,EXPEDIENTE 225/2024 ORDEN DE COMPRA POR AMPLIACIÓN,151,ORC_184_2024.pdf,,717a07f1-80da-4606-b088-78348154c602,a834b935-357e-4b1c-b828-bcd711cf6b52,https://portal.unlu.edu.ar/sudocu/api/archivos/publico/717a07f1-80da-4606-b088-78348154c602?id_archivo=717a07f1-80da-4606-b088-78348154c602&id_documento=a834b935-357e-4b1c-b828-bcd711cf6b52,ORDENES DE COMPRA,ORC,184,2024,UNLu,16/12/2024
ORDEN DE COMPRA DIAGUITA,OCDIAGUITA : 183 / 2025,Autorizado,15/09/2025,EXP. 453/25 - ODC 183/25 - DEMEDICI INES ROSA,152,OCDIAGUITA_183_2025.pdf,,dc2e0179-77fd-4b6c-be35-fd47657f1e0b,1a3d398c-03ff-426e-9051-2316784d6f21,https://portal.unlu.edu.ar/sudocu/api/archivos/publico/dc2e0179-77fd-4b6c-be35-fd47657f1e0b?id_archivo=dc2e0179-77fd-4b6c-be35-fd47657f1e0b&id_documento=1a3d398c-03ff-426e-9051-2316784d6f21,ORDENES DE COMPRA,OCDIAGUITA,183,2025,UNLu,15/09/2025
ORDEN DE COMPRA,ORC : 183 / 2024,Autorizado,16/12/2024,OC183_24 exp_824_24_AJYB S.R.L.,153,ORC_183_2024.pdf,,0e726368-11c0-4bcf-98c8-2ce932b41ff6,17df4347-9e88-4efa-a428-a9d4da3f2a03,https://portal.unlu.edu.ar/sudocu/api/archivos/publico/0e726368-11c0-4bcf-98c8-2ce932b41ff6?id_archivo=0e726368-11c0-4bcf-98c8-2ce932b41ff6&id_documento=17df4347-9e88-4efa-a428-a9d4da3f2a03,ORDENES DE COMPRA,ORC,183,2024,UNLu,16/12/2024
ORDEN DE COMPRA DIAGUITA,OCDIAGUITA : 182 / 2025,Autorizado,15/09/2025,349_25 ORDEN DE COMPRA FARMACIA NUEVA ROZIR S.C.S.,154,OCDIAGUITA_182_2025.pdf,,c63e5ca3-13b8-4332-9473-78cb779b2f46,36c75e3e-a73d-4519-ab8d-a16fef1a1e25,https://portal.unlu.edu.ar/sudocu/api/archivos/publico/c63e5ca3-13b8-4332-9473-78cb779b2f46?id_archivo=c63e5ca3-13b8-4332-9473-78cb779b2f46&id_documento=36c75e3e-a73d-4519-ab8d-a16fef1a1e25,ORDENES DE COMPRA,OCDIAGUITA,182,2025,UNLu,11/09/2025
ORDEN DE COMPRA,ORC : 182 / 2024,Autorizado,13/12/2024,EXP. 595/24 - ODC 182/24 - Aguas y Sodas Bertin S.R.L.,155,ORC_182_2024.pdf,,58ac5d6b-a0b6-4c75-b4e5-9c29f7aecae1,208664f4-644c-4125-a316-abbe98edd1ff,https://portal.unlu.edu.ar/sudocu/api/archivos/publico/58ac5d6b-a0b6-4c75-b4e5-9c29f7aecae1?id_archivo=58ac5d6b-a0b6-4c75-b4e5-9c29f7aecae1&id_documento=208664f4-644c-4125-a316-abbe98edd1ff,ORDENES DE COMPRA,ORC,182,2024,UNLu,12/12/2024
ORDEN DE COMPRA DIAGUITA,OCDIAGUITA : 181 / 2025,Autorizado,10/09/2025,EXP. 573/25 - ODC 181/25 - PELAEZ,156,OCDIAGUITA_181_2025.pdf,,d25cd024-e9e1-43bf-b943-0aef7baa7cae,3b7a4f13-bbbd-4029-b10e-5a285af4f642,https://portal.unlu.edu.ar/sudocu/api/archivos/publico/d25cd024-e9e1-43bf-b943-0aef7baa7cae?id_archivo=d25cd024-e9e1-43bf-b943-0aef7baa7cae&id_documento=3b7a4f13-bbbd-4029-b10e-5a285af4f642,ORDENES DE COMPRA,OCDIAGUITA,181,2025,UNLu,10/09/2025
ORDEN DE COMPRA,ORC : 181 / 2024,Autorizado,13/12/2024,EXPEDIENTE 716/2024 - ORDEN DE COMPRA,157,ORC_181_2024.pdf,,09121459-f8d4-48e8-bd68-4979c07c4e03,c11d9792-a5c2-45cd-a52c-ba79b86fa391,https://portal.unlu.edu.ar/sudocu/api/archivos/publico/09121459-f8d4-48e8-bd68-4979c07c4e03?id_archivo=09121459-f8d4-48e8-bd68-4979c07c4e03&id_documento=c11d9792-a5c2-45cd-a52c-ba79b86fa391,ORDENES DE COMPRA,ORC,181,2024,UNLu,12/12/2024
ORDEN DE COMPRA DIAGUITA,OCDIAGUITA : 180 / 2025,Autorizado,02/09/2025,EXP. 739/25 - ODC 180/25 - BENITEZ,158,OCDIAGUITA_180_2025.pdf,,bc317666-128c-4c9b-9522-333b55cb1cc6,d3761795-b027-40b1-8592-e71986e9d7e1,https://portal.unlu.edu.ar/sudocu/api/archivos/publico/bc317666-128c-4c9b-9522-333b55cb1cc6?id_archivo=bc317666-128c-4c9b-9522-333b55cb1cc6&id_documento=d3761795-b027-40b1-8592-e71986e9d7e1,ORDENES DE COMPRA,OCDIAGUITA,180,2025,UNLu,02/09/2025
ORDEN DE COMPRA,ORC : 180 / 2024,Autorizado,11/12/2024,EXPEDEINTE 865/2024 - OC MADEIRA,159,ORC_180_2024.pdf,,0da325f4-f4aa-498a-853b-1b943f918da2,fbca7ed1-4b16-455b-a686-8aa8982fafc9,https://portal.unlu.edu.ar/sudocu/api/archivos/publico/0da325f4-f4aa-498a-853b-1b943f918da2?id_archivo=0da325f4-f4aa-498a-853b-1b943f918da2&id_documento=fbca7ed1-4b16-455b-a686-8aa8982fafc9,ORDENES DE COMPRA,ORC,180,2024,UNLu,11/12/2024
ORDEN DE COMPRA DIAGUITA,OCDIAGUITA : 179 / 2025,Autorizado,02/09/2025,EXP. 739/25 - ODC 179/25 - HGO,160,OCDIAGUITA_179_2025.pdf,,d65e28ef-d3ad-4e7f-bd89-a1cdd5d02a72,05388653-ea2f-449e-93b4-e96bd6ceb3b1,https://portal.unlu.edu.ar/sudocu/api/archivos/publico/d65e28ef-d3ad-4e7f-bd89-a1cdd5d02a72?id_archivo=d65e28ef-d3ad-4e7f-bd89-a1cdd5d02a72&id_documento=05388653-ea2f-449e-93b4-e96bd6ceb3b1,ORDENES DE COMPRA,OCDIAGUITA,179,2025,UNLu,02/09/2025
ORDEN DE COMPRA,ORC : 179 / 2024,Autorizado,10/12/2024,EXP. 367/24 - ODC 179/24 - Arzani Javier Alfredo,161,ORC_179_2024.pdf,,7f6b45a9-2c0b-4d9e-b222-21d664104ae2,62faf32f-9221-4a2e-b0ed-1304db7144b1,https://portal.unlu.edu.ar/sudocu/api/archivos/publico/7f6b45a9-2c0b-4d9e-b222-21d664104ae2?id_archivo=7f6b45a9-2c0b-4d9e-b222-21d664104ae2&id_documento=62faf32f-9221-4a2e-b0ed-1304db7144b1,ORDENES DE COMPRA,ORC,179,2024,UNLu,10/12/2024
ORDEN DE COMPRA DIAGUITA,OCDIAGUITA : 178 / 2025,Autorizado,02/09/2025,EXP. 739/25 - ODC 178/25 - FERRETERIA EDUARDO,162,OCDIAGUITA_178_2025.pdf,,8bcc8736-11bb-479d-81f2-e3defcfff2aa,095aa331-30ca-4e88-a0eb-093bd9b006b0,https://portal.unlu.edu.ar/sudocu/api/archivos/publico/8bcc8736-11bb-479d-81f2-e3defcfff2aa?id_archivo=8bcc8736-11bb-479d-81f2-e3defcfff2aa&id_documento=095aa331-30ca-4e88-a0eb-093bd9b006b0,ORDENES DE COMPRA,OCDIAGUITA,178,2025,UNLu,02/09/2025
ORDEN DE COMPRA,ORC : 178 / 2024,Autorizado,09/12/2024,EXP. 505/24 - ODC 178/24 - Rural Oeste S.R.L.,163,ORC_178_2024.pdf,,b94cd8c6-82b8-4fa8-b7f6-d7f56b8b9a0b,8a0db34a-b11c-47c7-a440-2c610abe5687,https://portal.unlu.edu.ar/sudocu/api/archivos/publico/b94cd8c6-82b8-4fa8-b7f6-d7f56b8b9a0b?id_archivo=b94cd8c6-82b8-4fa8-b7f6-d7f56b8b9a0b&id_documento=8a0db34a-b11c-47c7-a440-2c610abe5687,ORDENES DE COMPRA,ORC,178,2024,UNLu,09/12/2024
ORDEN DE COMPRA DIAGUITA,OCDIAGUITA : 177 / 2025,Autorizado,02/09/2025,EXPEDIENTE 514/2025 - ORDEN DE COMPRA 177/25 RADIOLOGÍA CASTELAR S.R.L.,164,OCDIAGUITA_177_2025.pdf,,5c32bc71-046e-4cad-8248-1171a3af6149,5f9b056b-b927-48f2-b2b9-a00c0468ce33,https://portal.unlu.edu.ar/sudocu/api/archivos/publico/5c32bc71-046e-4cad-8248-1171a3af6149?id_archivo=5c32bc71-046e-4cad-8248-1171a3af6149&id_documento=5f9b056b-b927-48f2-b2b9-a00c0468ce33,ORDENES DE COMPRA,OCDIAGUITA,177,2025,UNLu,02/09/2025
ORDEN DE COMPRA,ORC : 177 / 2024,Autorizado,09/12/2024,EXP. 531/24 - ODC 177/24 - Gil Walter Pablo,165,ORC_177_2024.pdf,,e33586c8-97bf-4216-98e4-bece7efa655a,0271851d-2058-4183-83e6-9cbc492673cc,https://portal.unlu.edu.ar/sudocu/api/archivos/publico/e33586c8-97bf-4216-98e4-bece7efa655a?id_archivo=e33586c8-97bf-4216-98e4-bece7efa655a&id_documento=0271851d-2058-4183-83e6-9cbc492673cc,ORDENES DE COMPRA,ORC,177,2024,UNLu,09/12/2024
ORDEN DE COMPRA DIAGUITA,OCDIAGUITA : 176 / 2025,Autorizado,02/09/2025,EXP. 454/25 - ODC 176/25 AMPLIACIÓN - ERRE DE,166,OCDIAGUITA_176_2025.pdf,,de4d98b2-7812-498c-9a66-898537760657,636ef5a7-5e41-4eae-ac0d-346a96651e32,https://portal.unlu.edu.ar/sudocu/api/archivos/publico/de4d98b2-7812-498c-9a66-898537760657?id_archivo=de4d98b2-7812-498c-9a66-898537760657&id_documento=636ef5a7-5e41-4eae-ac0d-346a96651e32,ORDENES DE COMPRA,OCDIAGUITA,176,2025,UNLu,02/09/2025
ORDEN DE COMPRA,ORC : 176 / 2024,Autorizado,06/12/2024,EXP. 577/24 - ODC 176/24 - Omar Alejandro Nazarov,167,ORC_176_2024.pdf,,9b8179ce-4084-46bd-aab6-a605b498f510,239a3f0e-30f6-4500-8f86-b298ec90ac95,https://portal.unlu.edu.ar/sudocu/api/archivos/publico/9b8179ce-4084-46bd-aab6-a605b498f510?id_archivo=9b8179ce-4084-46bd-aab6-a605b498f510&id_documento=239a3f0e-30f6-4500-8f86-b298ec90ac95,ORDENES DE COMPRA,ORC,176,2024,UNLu,06/12/2024
ORDEN DE COMPRA DIAGUITA,OCDIAGUITA : 175 / 2025,Autorizado,02/09/2025,EXP. 454/25 - ODC 175/25 - ERRE DE,168,OCDIAGUITA_175_2025.pdf,,f9b00577-f5fd-436b-8e7c-81dac5aac0f6,6795ce73-03db-4bff-a338-8a3998b741fb,https://portal.unlu.edu.ar/sudocu/api/archivos/publico/f9b00577-f5fd-436b-8e7c-81dac5aac0f6?id_archivo=f9b00577-f5fd-436b-8e7c-81dac5aac0f6&id_documento=6795ce73-03db-4bff-a338-8a3998b741fb,ORDENES DE COMPRA,OCDIAGUITA,175,2025,UNLu,02/09/2025
ORDEN DE COMPRA,ORC : 175 / 2024,Autorizado,06/12/2024,EXP. 763/24 - ODC 175/24 - Waldo Quiroga Nicolás,169,ORC_175_2024.pdf,,af33cfe3-af9b-41b7-9d8c-a82da5590e13,466d01cb-9fbb-46b2-bcd0-c5f0dc39307a,https://portal.unlu.edu.ar/sudocu/api/archivos/publico/af33cfe3-af9b-41b7-9d8c-a82da5590e13?id_archivo=af33cfe3-af9b-41b7-9d8c-a82da5590e13&id_documento=466d01cb-9fbb-46b2-bcd0-c5f0dc39307a,ORDENES DE COMPRA,ORC,175,2024,UNLu,06/12/2024
ORDEN DE COMPRA DIAGUITA,OCDIAGUITA : 174 / 2025,Autorizado,02/09/2025,EXP. 77/25 - ODC 174/25 - ERRE DE,170,OCDIAGUITA_174_2025.pdf,,e4ade8fa-f8e8-402a-94e5-8940879f5b21,78561be4-0504-445b-99df-0cbb61620d07,https://portal.unlu.edu.ar/sudocu/api/archivos/publico/e4ade8fa-f8e8-402a-94e5-8940879f5b21?id_archivo=e4ade8fa-f8e8-402a-94e5-8940879f5b21&id_documento=78561be4-0504-445b-99df-0cbb61620d07,ORDENES DE COMPRA,OCDIAGUITA,174,2025,UNLu,02/09/2025
ORDEN DE COMPRA,ORC : 174 / 2024,Autorizado,06/12/2024,EXP. 793/24 - ODC 174/24 - Larraburo Carlos Eduardo,171,ORC_174_2024.pdf,,32a57c58-3f87-4caf-a428-b5d3f6da33bc,273daec3-9cdd-4130-8d3d-e9afe4363b41,https://portal.unlu.edu.ar/sudocu/api/archivos/publico/32a57c58-3f87-4caf-a428-b5d3f6da33bc?id_archivo=32a57c58-3f87-4caf-a428-b5d3f6da33bc&id_documento=273daec3-9cdd-4130-8d3d-e9afe4363b41,ORDENES DE COMPRA,ORC,174,2024,UNLu,06/12/2024
ORDEN DE COMPRA DIAGUITA,OCDIAGUITA : 173 / 2025,Autorizado,01/09/2025,EXP 458/2025 OC 173/2025 VARGAS SANTIAGO DANTE,172,OCDIAGUITA_173_2025.pdf,,955006a6-f43b-4290-b327-0f6caf5266dd,3063f1b6-d5c9-43f9-a74c-ab0fa46c7808,https://portal.unlu.edu.ar/sudocu/api/archivos/publico/955006a6-f43b-4290-b327-0f6caf5266dd?id_archivo=955006a6-f43b-4290-b327-0f6caf5266dd&id_documento=3063f1b6-d5c9-43f9-a74c-ab0fa46c7808,ORDENES DE COMPRA,OCDIAGUITA,173,2025,UNLu,01/09/2025
ORDEN DE COMPRA,ORC : 173 / 2024,Autorizado,05/12/2024,EXP. 897/24 - ODC 173/24 - La Resma Del Norte S.A.,173,ORC_173_2024.pdf,,6dd04fbd-1a29-40c5-ad41-9fe28133f26b,971d3962-c3fe-4b91-bd46-26f8637fe8e4,https://portal.unlu.edu.ar/sudocu/api/archivos/publico/6dd04fbd-1a29-40c5-ad41-9fe28133f26b?id_archivo=6dd04fbd-1a29-40c5-ad41-9fe28133f26b&id_documento=971d3962-c3fe-4b91-bd46-26f8637fe8e4,ORDENES DE COMPRA,ORC,173,2024,UNLu,05/12/2024
ORDEN DE COMPRA DIAGUITA,OCDIAGUITA : 172 / 2025,Autorizado,01/09/2025,EXP 458/2025 OC 172/2025  GIUFFRIDA  MAURO ANTONIO,174,OCDIAGUITA_172_2025.pdf,,7a5a9136-f82c-4c73-95db-445648a18971,8f48787a-b744-475d-9ea2-0e58a3e7a7aa,https://portal.unlu.edu.ar/sudocu/api/archivos/publico/7a5a9136-f82c-4c73-95db-445648a18971?id_archivo=7a5a9136-f82c-4c73-95db-445648a18971&id_documento=8f48787a-b744-475d-9ea2-0e58a3e7a7aa,ORDENES DE COMPRA,OCDIAGUITA,172,2025,UNLu,01/09/2025
ORDEN DE COMPRA,ORC : 172 / 2024,Autorizado,04/12/2024,EXP. 834/24 - ODC 172/24 - Peninsular Sudamericana S.A.S.,175,ORC_172_2024.pdf,,e9f2255b-aaa3-480c-a8e3-2a175c070716,cc1da8b1-90e5-426d-abd8-4b98f2e4400f,https://portal.unlu.edu.ar/sudocu/api/archivos/publico/e9f2255b-aaa3-480c-a8e3-2a175c070716?id_archivo=e9f2255b-aaa3-480c-a8e3-2a175c070716&id_documento=cc1da8b1-90e5-426d-abd8-4b98f2e4400f,ORDENES DE COMPRA,ORC,172,2024,UNLu,04/12/2024
ORDEN DE COMPRA DIAGUITA,OCDIAGUITA : 171 / 2025,Autorizado,01/09/2025,EXP 458/2025 OC 171/2025  OZEMO GUSTAVO MANUEL,176,OCDIAGUITA_171_2025.pdf,,24b51ca7-8a04-4eb4-8e57-ce033454b7b5,4fbf33dd-de80-45b6-ac60-4526f197773c,https://portal.unlu.edu.ar/sudocu/api/archivos/publico/24b51ca7-8a04-4eb4-8e57-ce033454b7b5?id_archivo=24b51ca7-8a04-4eb4-8e57-ce033454b7b5&id_documento=4fbf33dd-de80-45b6-ac60-4526f197773c,ORDENES DE COMPRA,OCDIAGUITA,171,2025,UNLu,01/09/2025
ORDEN DE COMPRA,ORC : 171 / 2024,Autorizado,04/12/2024,EXP. 715/24 - ODC 171/24 - Rural Oeste S.R.L.,177,ORC_171_2024.pdf,,d41257c8-da18-4837-8ecc-431fb85227d2,01679ef6-421a-45aa-9813-4b9ea1b50ca2,https://portal.unlu.edu.ar/sudocu/api/archivos/publico/d41257c8-da18-4837-8ecc-431fb85227d2?id_archivo=d41257c8-da18-4837-8ecc-431fb85227d2&id_documento=01679ef6-421a-45aa-9813-4b9ea1b50ca2,ORDENES DE COMPRA,ORC,171,2024,UNLu,04/12/2024
ORDEN DE COMPRA DIAGUITA,OCDIAGUITA : 170 / 2025,Autorizado,01/09/2025,EXP 458/2025 OC 170 ERREDE SRL,178,OCDIAGUITA_170_2025.pdf,,364d5e69-8b50-4281-a6c9-05a029052054,c0724f82-c1d2-41bb-b4f1-c92b2c2b1855,https://portal.unlu.edu.ar/sudocu/api/archivos/publico/364d5e69-8b50-4281-a6c9-05a029052054?id_archivo=364d5e69-8b50-4281-a6c9-05a029052054&id_documento=c0724f82-c1d2-41bb-b4f1-c92b2c2b1855,ORDENES DE COMPRA,OCDIAGUITA,170,2025,UNLu,01/09/2025
ORDEN DE COMPRA,ORC : 170 / 2024,Autorizado,04/12/2024,OC _170_24_ exp. 877_24_SERVIUR SA.,179,ORC_170_2024.pdf,,c3261124-8573-4a19-b5a3-f6999421ba83,462714df-b8f4-4981-8dc1-98230749767d,https://portal.unlu.edu.ar/sudocu/api/archivos/publico/c3261124-8573-4a19-b5a3-f6999421ba83?id_archivo=c3261124-8573-4a19-b5a3-f6999421ba83&id_documento=462714df-b8f4-4981-8dc1-98230749767d,ORDENES DE COMPRA,ORC,170,2024,UNLu,04/12/2024
ORDEN DE COMPRA DIAGUITA,OCDIAGUITA : 169 / 2025,Autorizado,01/09/2025,EXP LUJ Nº 518/25. ORDEN DE COMPRA DIAGUITA Nº 169/25,180,OCDIAGUITA_169_2025.pdf,,d923115a-0da8-4cfa-aa3f-e4852748d514,415b265b-09d3-4376-845d-3fa4f5e014a7,https://portal.unlu.edu.ar/sudocu/api/archivos/publico/d923115a-0da8-4cfa-aa3f-e4852748d514?id_archivo=d923115a-0da8-4cfa-aa3f-e4852748d514&id_documento=415b265b-09d3-4376-845d-3fa4f5e014a7,ORDENES DE COMPRA,OCDIAGUITA,169,2025,UNLu,01/09/2025
ORDEN DE COMPRA,ORC : 169 / 2024,Autorizado,04/12/2024,OC 169_24_exp_856_24CIANCIO BOVIER JUAN LORENZO,181,ORC_169_2024.pdf,,d80df93e-7114-4a78-9765-ed485b642bd6,1479cec1-7cc1-44a6-96c8-5b2c072d59d1,https://portal.unlu.edu.ar/sudocu/api/archivos/publico/d80df93e-7114-4a78-9765-ed485b642bd6?id_archivo=d80df93e-7114-4a78-9765-ed485b642bd6&id_documento=1479cec1-7cc1-44a6-96c8-5b2c072d59d1,ORDENES DE COMPRA,ORC,169,2024,UNLu,04/12/2024
ORDEN DE COMPRA DIAGUITA,OCDIAGUITA : 168 / 2025,Autorizado,22/08/2025,EXP. 356/25 - ODC 168/25 - BLC SRL,182,OCDIAGUITA_168_2025.pdf,,c3bcf5ed-5792-4b2e-8745-aa30295fcae7,81cb0bf1-9a45-45a9-8275-9c42dcc17725,https://portal.unlu.edu.ar/sudocu/api/archivos/publico/c3bcf5ed-5792-4b2e-8745-aa30295fcae7?id_archivo=c3bcf5ed-5792-4b2e-8745-aa30295fcae7&id_documento=81cb0bf1-9a45-45a9-8275-9c42dcc17725,ORDENES DE COMPRA,OCDIAGUITA,168,2025,UNLu,22/08/2025
ORDEN DE COMPRA,ORC : 168 / 2024,Autorizado,03/12/2024,EXP. 826/24 - ODC 168/24 - Ledesma Enrique Ramón,183,ORC_168_2024.pdf,,d0474160-7806-431e-8a66-b31e51cfef88,7c1a7c4c-eaaf-4855-8b96-ef57dbf680f8,https://portal.unlu.edu.ar/sudocu/api/archivos/publico/d0474160-7806-431e-8a66-b31e51cfef88?id_archivo=d0474160-7806-431e-8a66-b31e51cfef88&id_documento=7c1a7c4c-eaaf-4855-8b96-ef57dbf680f8,ORDENES DE COMPRA,ORC,168,2024,UNLu,03/12/2024
ORDEN DE COMPRA DIAGUITA,OCDIAGUITA : 167 / 2025,Autorizado,22/08/2025,EXP. 356/25 - ODC 167/25 - BENITEZ Andrea Viviana,184,OCDIAGUITA_167_2025.pdf,,84266bb7-938a-4fba-9088-a7c69810fde4,a4708437-9212-48a0-8784-9f3670d69e18,https://portal.unlu.edu.ar/sudocu/api/archivos/publico/84266bb7-938a-4fba-9088-a7c69810fde4?id_archivo=84266bb7-938a-4fba-9088-a7c69810fde4&id_documento=a4708437-9212-48a0-8784-9f3670d69e18,ORDENES DE COMPRA,OCDIAGUITA,167,2025,UNLu,22/08/2025
ORDEN DE COMPRA,ORC : 167 / 2024,Autorizado,02/12/2024,OC_167_24_exp_ 713_24_BIOQUÍMICA SRL,185,ORC_167_2024.pdf,,ff042229-66d2-443f-b7fa-e26baeea7788,49152d27-82ba-496f-8e06-13c19d026a53,https://portal.unlu.edu.ar/sudocu/api/archivos/publico/ff042229-66d2-443f-b7fa-e26baeea7788?id_archivo=ff042229-66d2-443f-b7fa-e26baeea7788&id_documento=49152d27-82ba-496f-8e06-13c19d026a53,ORDENES DE COMPRA,ORC,167,2024,UNLu,02/12/2024
ORDEN DE COMPRA DIAGUITA,OCDIAGUITA : 166 / 2025,Autorizado,22/08/2025,EXP. 356/25 - ODC 166/25 - SEISEME S.A,186,OCDIAGUITA_166_2025.pdf,,5ff4e28a-9f35-47b3-b46a-1c54ae0a257b,3ad0eecc-c961-4cbc-8de2-3e35b2fc5fe5,https://portal.unlu.edu.ar/sudocu/api/archivos/publico/5ff4e28a-9f35-47b3-b46a-1c54ae0a257b?id_archivo=5ff4e28a-9f35-47b3-b46a-1c54ae0a257b&id_documento=3ad0eecc-c961-4cbc-8de2-3e35b2fc5fe5,ORDENES DE COMPRA,OCDIAGUITA,166,2025,UNLu,22/08/2025
ORDEN DE COMPRA,ORC : 166 / 2024,Autorizado,29/11/2024,OC_166_24_exp_618_24 De Biasi Leonardo Carlos,187,ORC_166_2024.pdf,,6cfd57bc-ec17-43bf-a5ee-b518a9b5f11f,40bfac63-8e91-4525-89e8-df1270f9817a,https://portal.unlu.edu.ar/sudocu/api/archivos/publico/6cfd57bc-ec17-43bf-a5ee-b518a9b5f11f?id_archivo=6cfd57bc-ec17-43bf-a5ee-b518a9b5f11f&id_documento=40bfac63-8e91-4525-89e8-df1270f9817a,ORDENES DE COMPRA,ORC,166,2024,UNLu,29/11/2024
ORDEN DE COMPRA DIAGUITA,OCDIAGUITA : 165 / 2025,Autorizado,22/08/2025,EXP. 356/25 - 165/25 - ARISTOBULO GOMEZ RUPEREZ S.A.,188,OCDIAGUITA_165_2025.pdf,,ab11b512-49ed-46f9-aa68-b3407adfc2e9,0457bcd2-92e0-4696-a0c6-78d6f6b39ad6,https://portal.unlu.edu.ar/sudocu/api/archivos/publico/ab11b512-49ed-46f9-aa68-b3407adfc2e9?id_archivo=ab11b512-49ed-46f9-aa68-b3407adfc2e9&id_documento=0457bcd2-92e0-4696-a0c6-78d6f6b39ad6,ORDENES DE COMPRA,OCDIAGUITA,165,2025,UNLu,22/08/2025
ORDEN DE COMPRA,ORC : 165 / 2024,Autorizado,29/11/2024,EXP. 841/24 - ODC 165/24 - Da Ronco Ricardo Omar,189,ORC_165_2024.pdf,,cd1d22c6-4267-4aa5-9c58-2321f6f94afe,283d16f1-c999-481b-a0e5-eef9ef8ea8e7,https://portal.unlu.edu.ar/sudocu/api/archivos/publico/cd1d22c6-4267-4aa5-9c58-2321f6f94afe?id_archivo=cd1d22c6-4267-4aa5-9c58-2321f6f94afe&id_documento=283d16f1-c999-481b-a0e5-eef9ef8ea8e7,ORDENES DE COMPRA,ORC,165,2024,UNLu,29/11/2024
ORDEN DE COMPRA DIAGUITA,OCDIAGUITA : 164 / 2025,Autorizado,25/08/2025,EXP. 413/25 - ODC 164/25 - PAPELERA PERGAMINO,190,OCDIAGUITA_164_2025.pdf,,18c2c214-7051-46e3-865c-42cfde2be330,e4c3d567-8dc5-46ff-bb5d-06006acfe237,https://portal.unlu.edu.ar/sudocu/api/archivos/publico/18c2c214-7051-46e3-865c-42cfde2be330?id_archivo=18c2c214-7051-46e3-865c-42cfde2be330&id_documento=e4c3d567-8dc5-46ff-bb5d-06006acfe237,ORDENES DE COMPRA,OCDIAGUITA,164,2025,UNLu,22/08/2025
ORDEN DE COMPRA,ORC : 164 / 2024,Autorizado,28/11/2024,EXP. 780/24 - ODC 164/24 - Jaidev S.A.,191,ORC_164_2024.pdf,,d2d4ed1b-2d56-455d-b8cf-92378644a6dc,7f08d77c-4a00-4326-abde-b813b9445c65,https://portal.unlu.edu.ar/sudocu/api/archivos/publico/d2d4ed1b-2d56-455d-b8cf-92378644a6dc?id_archivo=d2d4ed1b-2d56-455d-b8cf-92378644a6dc&id_documento=7f08d77c-4a00-4326-abde-b813b9445c65,ORDENES DE COMPRA,ORC,164,2024,UNLu,28/11/2024
ORDEN DE COMPRA DIAGUITA,OCDIAGUITA : 163 / 2025,Autorizado,13/08/2025,EXP. 470/25 - ODC 163/25 -  Larocca Neumaticos S.A.,192,OCDIAGUITA_163_2025.pdf,,60ec78ac-3a12-4d73-b785-000e700fa20c,3e5598b1-9760-4e61-9b5f-55990b49c874,https://portal.unlu.edu.ar/sudocu/api/archivos/publico/60ec78ac-3a12-4d73-b785-000e700fa20c?id_archivo=60ec78ac-3a12-4d73-b785-000e700fa20c&id_documento=3e5598b1-9760-4e61-9b5f-55990b49c874,ORDENES DE COMPRA,OCDIAGUITA,163,2025,UNLu,13/08/2025
ORDEN DE COMPRA,ORC : 163 / 2024,Autorizado,28/11/2024,EXP. 780/24 - ODC 163/24 - Peninsular Sudamericana S.A.S.,193,ORC_163_2024.pdf,,18a58e06-5e0f-4951-bcd5-3985e09e141e,38be0122-c33b-4e18-bfde-3c4d003f9c7e,https://portal.unlu.edu.ar/sudocu/api/archivos/publico/18a58e06-5e0f-4951-bcd5-3985e09e141e?id_archivo=18a58e06-5e0f-4951-bcd5-3985e09e141e&id_documento=38be0122-c33b-4e18-bfde-3c4d003f9c7e,ORDENES DE COMPRA,ORC,163,2024,UNLu,28/11/2024
ORDEN DE COMPRA DIAGUITA,OCDIAGUITA : 162 / 2025,Autorizado,13/08/2025,EXP. 486/25 - ODC 162/25 - MDP AMPLIACIÓN,194,OCDIAGUITA_162_2025.pdf,,e853de0f-bedd-4c01-98cd-9114e6c2ff72,417a2bc7-3969-4c7c-a3c6-dba18f11c303,https://portal.unlu.edu.ar/sudocu/api/archivos/publico/e853de0f-bedd-4c01-98cd-9114e6c2ff72?id_archivo=e853de0f-bedd-4c01-98cd-9114e6c2ff72&id_documento=417a2bc7-3969-4c7c-a3c6-dba18f11c303,ORDENES DE COMPRA,OCDIAGUITA,162,2025,UNLu,13/08/2025
ORDEN DE COMPRA,ORC : 162 / 2024,Autorizado,28/11/2024,EXP. 709/24 - ODC 162/24 - Alsina Walter Leonardo,195,ORC_162_2024.pdf,,114be9cf-b49d-4c31-9909-617ac7a6b9a2,131972e0-5bb8-426c-a907-b74f3df92d30,https://portal.unlu.edu.ar/sudocu/api/archivos/publico/114be9cf-b49d-4c31-9909-617ac7a6b9a2?id_archivo=114be9cf-b49d-4c31-9909-617ac7a6b9a2&id_documento=131972e0-5bb8-426c-a907-b74f3df92d30,ORDENES DE COMPRA,ORC,162,2024,UNLu,28/11/2024
ORDEN DE COMPRA DIAGUITA,OCDIAGUITA : 161 / 2025,Autorizado,13/08/2025,EXP. 486/25 - ODC 161/25 - VARGAS,196,OCDIAGUITA_161_2025.pdf,,3b1f337d-7b85-433f-8bca-b2923183e0f4,618f6f98-bebe-4a1a-a726-6f68569c4425,https://portal.unlu.edu.ar/sudocu/api/archivos/publico/3b1f337d-7b85-433f-8bca-b2923183e0f4?id_archivo=3b1f337d-7b85-433f-8bca-b2923183e0f4&id_documento=618f6f98-bebe-4a1a-a726-6f68569c4425,ORDENES DE COMPRA,OCDIAGUITA,161,2025,UNLu,13/08/2025
ORDEN DE COMPRA,ORC : 161 / 2024,Autorizado,28/11/2024,EXP. 721/24 - ODC 161/24 - Asociación Educacionista Argentina,197,ORC_161_2024.pdf,,138427ce-44c0-4bc1-aeeb-349091dae9ac,3cee41c1-3752-4f35-8482-f469601510fa,https://portal.unlu.edu.ar/sudocu/api/archivos/publico/138427ce-44c0-4bc1-aeeb-349091dae9ac?id_archivo=138427ce-44c0-4bc1-aeeb-349091dae9ac&id_documento=3cee41c1-3752-4f35-8482-f469601510fa,ORDENES DE COMPRA,ORC,161,2024,UNLu,28/11/2024
ORDEN DE COMPRA DIAGUITA,OCDIAGUITA : 160 / 2025,Autorizado,13/08/2025,EXP. 486/25 - ODC 160/25 - MDP,198,OCDIAGUITA_160_2025.pdf,,e155076a-1d01-4b73-9514-cd11f0a7c693,5cbd4ba5-cd93-4ba8-9aec-08f30bfd37bb,https://portal.unlu.edu.ar/sudocu/api/archivos/publico/e155076a-1d01-4b73-9514-cd11f0a7c693?id_archivo=e155076a-1d01-4b73-9514-cd11f0a7c693&id_documento=5cbd4ba5-cd93-4ba8-9aec-08f30bfd37bb,ORDENES DE COMPRA,OCDIAGUITA,160,2025,UNLu,13/08/2025
ORDEN DE COMPRA,ORC : 160 / 2024,Autorizado,28/11/2024,EXP. 721/24 - ODC 160/24 - Pacheco Carlos Osvaldo Pluma Digital Edición,199,ORC_160_2024.pdf,,89f38b49-e9c9-430e-962f-4450f9bdcbfb,b34b5a6e-faaf-444e-86bc-f2336fc28f52,https://portal.unlu.edu.ar/sudocu/api/archivos/publico/89f38b49-e9c9-430e-962f-4450f9bdcbfb?id_archivo=89f38b49-e9c9-430e-962f-4450f9bdcbfb&id_documento=b34b5a6e-faaf-444e-86bc-f2336fc28f52,ORDENES DE COMPRA,ORC,160,2024,UNLu,28/11/2024
ORDEN DE COMPRA DIAGUITA,OCDIAGUITA : 159 / 2025,Autorizado,13/08/2025,EXP. 486/25 - ODC 159/25 - SGI,200,OCDIAGUITA_159_2025.pdf,,af8a8708-5a15-4e96-ae97-31ddab1e4162,08ea0958-ea0e-4627-a3f2-7a5a71b48cd0,https://portal.unlu.edu.ar/sudocu/api/archivos/publico/af8a8708-5a15-4e96-ae97-31ddab1e4162?id_archivo=af8a8708-5a15-4e96-ae97-31ddab1e4162&id_documento=08ea0958-ea0e-4627-a3f2-7a5a71b48cd0,ORDENES DE COMPRA,OCDIAGUITA,159,2025,UNLu,13/08/2025
ORDEN DE COMPRA,ORC : 159 / 2024,Autorizado,25/11/2024,EXP. 268/24 - ODC 159/24 - Vargas Santiago Dante Joel,201,ORC_159_2024.pdf,,6985767a-9364-456d-8959-3a7039f26a84,41dbfa93-bac0-4929-9b11-811c520b9504,https://portal.unlu.edu.ar/sudocu/api/archivos/publico/6985767a-9364-456d-8959-3a7039f26a84?id_archivo=6985767a-9364-456d-8959-3a7039f26a84&id_documento=41dbfa93-bac0-4929-9b11-811c520b9504,ORDENES DE COMPRA,ORC,159,2024,UNLu,25/11/2024
ORDEN DE COMPRA DIAGUITA,OCDIAGUITA : 158 / 2025,Autorizado,13/08/2025,EXP. 486/25 - ODC 158/25 - SISTEMAS JUNIN,202,OCDIAGUITA_158_2025.pdf,,6a4b885c-2d39-4c24-a8e6-ee4aa0a6cc44,418e7fa7-2688-47e0-b086-423a3c4b640e,https://portal.unlu.edu.ar/sudocu/api/archivos/publico/6a4b885c-2d39-4c24-a8e6-ee4aa0a6cc44?id_archivo=6a4b885c-2d39-4c24-a8e6-ee4aa0a6cc44&id_documento=418e7fa7-2688-47e0-b086-423a3c4b640e,ORDENES DE COMPRA,OCDIAGUITA,158,2025,UNLu,13/08/2025
ORDEN DE COMPRA,ORC : 158 / 2024,Autorizado,26/11/2024,EXP. 794/24 - ODC 158/24 - Gago Marta Emilia,203,ORC_158_2024.pdf,,b604095f-1872-45c3-a274-1150f1011560,abcd34b3-0903-4631-aeea-864dfc462532,https://portal.unlu.edu.ar/sudocu/api/archivos/publico/b604095f-1872-45c3-a274-1150f1011560?id_archivo=b604095f-1872-45c3-a274-1150f1011560&id_documento=abcd34b3-0903-4631-aeea-864dfc462532,ORDENES DE COMPRA,ORC,158,2024,UNLu,22/11/2024
ORDEN DE COMPRA DIAGUITA,OCDIAGUITA : 157 / 2025,Autorizado,08/08/2025,ODC 157_25- EXP 416_25 MARTA EMILIA GAGO,204,OCDIAGUITA_157_2025.pdf,,cc1efefd-25a1-4718-8b8f-034e4dd17fbd,90e3c9cd-edd8-43cc-a20f-5220e5d60d11,https://portal.unlu.edu.ar/sudocu/api/archivos/publico/cc1efefd-25a1-4718-8b8f-034e4dd17fbd?id_archivo=cc1efefd-25a1-4718-8b8f-034e4dd17fbd&id_documento=90e3c9cd-edd8-43cc-a20f-5220e5d60d11,ORDENES DE COMPRA,OCDIAGUITA,157,2025,UNLu,08/08/2025
ORDEN DE COMPRA,ORC : 157 / 2024,Autorizado,22/11/2024,EXP. 714/24 - ODC 157/24 - Sinergia Color S.A.,205,ORC_157_2024.pdf,,d15f3faf-2da3-410d-af5c-58e345998afa,87d2ed9b-3bd7-4805-a9c5-896e99408c67,https://portal.unlu.edu.ar/sudocu/api/archivos/publico/d15f3faf-2da3-410d-af5c-58e345998afa?id_archivo=d15f3faf-2da3-410d-af5c-58e345998afa&id_documento=87d2ed9b-3bd7-4805-a9c5-896e99408c67,ORDENES DE COMPRA,ORC,157,2024,UNLu,21/11/2024
ORDEN DE COMPRA DIAGUITA,OCDIAGUITA : 156 / 2025,Autorizado,18/07/2025,EXP. 1179/24 - ODC 156/25 - FERNANDEZ CIMILLO BIANCA,206,OCDIAGUITA_156_2025.pdf,,80cc6378-af5e-485a-b867-5f0aa58a4884,f16c57af-4e2e-40d9-85ec-775f2d3535ed,https://portal.unlu.edu.ar/sudocu/api/archivos/publico/80cc6378-af5e-485a-b867-5f0aa58a4884?id_archivo=80cc6378-af5e-485a-b867-5f0aa58a4884&id_documento=f16c57af-4e2e-40d9-85ec-775f2d3535ed,ORDENES DE COMPRA,OCDIAGUITA,156,2025,UNLu,18/07/2025
ORDEN DE COMPRA,ORC : 156 / 2024,Autorizado,22/11/2024,EXP. 714/24 - ODC 156/24 -  Borgi Luis Alejandro,207,ORC_156_2024.pdf,,59df832d-e8b4-426b-ac61-b03be37cdda6,28565d82-bc08-46ae-a8c3-7ffb47971b0c,https://portal.unlu.edu.ar/sudocu/api/archivos/publico/59df832d-e8b4-426b-ac61-b03be37cdda6?id_archivo=59df832d-e8b4-426b-ac61-b03be37cdda6&id_documento=28565d82-bc08-46ae-a8c3-7ffb47971b0c,ORDENES DE COMPRA,ORC,156,2024,UNLu,21/11/2024
ORDEN DE COMPRA DIAGUITA,OCDIAGUITA : 155 / 2025,Autorizado,17/07/2025,EXP. 349/25 - ODC 155/25 - DI LAVORE S.R.L.,208,OCDIAGUITA_155_2025.pdf,,d675ff3a-ad82-4057-b96a-c3aa2f08b04a,c134a74b-1727-4c9e-a71c-c6d654c556a8,https://portal.unlu.edu.ar/sudocu/api/archivos/publico/d675ff3a-ad82-4057-b96a-c3aa2f08b04a?id_archivo=d675ff3a-ad82-4057-b96a-c3aa2f08b04a&id_documento=c134a74b-1727-4c9e-a71c-c6d654c556a8,ORDENES DE COMPRA,OCDIAGUITA,155,2025,UNLu,17/07/2025
ORDEN DE COMPRA,ORC : 155 / 2024,Autorizado,22/11/2024,EXP. 714/24 - ODC 155/24 - Pinturas Luján Distribuciones S.R.L.,209,ORC_155_2024.pdf,,a359605d-cb4e-4e81-ad56-fdcc70d9720e,73af95cd-e6e4-480c-8a8d-358e0ece7633,https://portal.unlu.edu.ar/sudocu/api/archivos/publico/a359605d-cb4e-4e81-ad56-fdcc70d9720e?id_archivo=a359605d-cb4e-4e81-ad56-fdcc70d9720e&id_documento=73af95cd-e6e4-480c-8a8d-358e0ece7633,ORDENES DE COMPRA,ORC,155,2024,UNLu,21/11/2024
ORDEN DE COMPRA DIAGUITA,OCDIAGUITA : 154 / 2025,Autorizado,17/07/2025,EXP. 349/25 - ODC 154/25 - FARMACIA BAUTHIBEN S.C.S,210,OCDIAGUITA_154_2025.pdf,,82340247-5b9a-42ad-ab5b-b0d55371a904,280c1dc1-8ece-4464-893e-97b9307bdd3b,https://portal.unlu.edu.ar/sudocu/api/archivos/publico/82340247-5b9a-42ad-ab5b-b0d55371a904?id_archivo=82340247-5b9a-42ad-ab5b-b0d55371a904&id_documento=280c1dc1-8ece-4464-893e-97b9307bdd3b,ORDENES DE COMPRA,OCDIAGUITA,154,2025,UNLu,17/07/2025
ORDEN DE COMPRA,ORC : 154 / 2024,Autorizado,22/11/2024,EXP. 714/24 - ODC 154/24 - Blanco José María,211,ORC_154_2024.pdf,,b3d98086-0a4b-438c-ba4e-ebbef37ee9ca,5cf46d78-d735-4c11-9de1-a556fcb82674,https://portal.unlu.edu.ar/sudocu/api/archivos/publico/b3d98086-0a4b-438c-ba4e-ebbef37ee9ca?id_archivo=b3d98086-0a4b-438c-ba4e-ebbef37ee9ca&id_documento=5cf46d78-d735-4c11-9de1-a556fcb82674,ORDENES DE COMPRA,ORC,154,2024,UNLu,21/11/2024
ORDEN DE COMPRA DIAGUITA,OCDIAGUITA : 153 / 2025,Autorizado,17/07/2025,EXP. 349/25 - ODC 153/25 - FARMACIA NUEVA ROZIR SOCIEDAD EN COMANDITA SIMPLE,212,OCDIAGUITA_153_2025.pdf,,2f20ce3a-29d0-4758-9aa9-eed73de5eb21,6a0cd13c-fb97-4f65-b428-8e0c8d47e63e,https://portal.unlu.edu.ar/sudocu/api/archivos/publico/2f20ce3a-29d0-4758-9aa9-eed73de5eb21?id_archivo=2f20ce3a-29d0-4758-9aa9-eed73de5eb21&id_documento=6a0cd13c-fb97-4f65-b428-8e0c8d47e63e,ORDENES DE COMPRA,OCDIAGUITA,153,2025,UNLu,17/07/2025
ORDEN DE COMPRA,ORC : 153 / 2024,Autorizado,20/11/2024,OC153_24_636_24SGI S.A,213,ORC_153_2024.pdf,,48941e49-b9e7-4172-b78d-15b895eab500,08009aef-afbf-4da2-a887-4eb6468b353e,https://portal.unlu.edu.ar/sudocu/api/archivos/publico/48941e49-b9e7-4172-b78d-15b895eab500?id_archivo=48941e49-b9e7-4172-b78d-15b895eab500&id_documento=08009aef-afbf-4da2-a887-4eb6468b353e,ORDENES DE COMPRA,ORC,153,2024,UNLu,20/11/2024
ORDEN DE COMPRA DIAGUITA,OCDIAGUITA : 152 / 2025,Autorizado,17/07/2025,EXP. 349/25 - ODC 152/25 - GRUPO DUKBART S.A.,214,OCDIAGUITA_152_2025.pdf,,e4fca592-9c11-4316-8211-56d8e8adcd57,9afb400e-40ea-4d55-8e46-281d4f67f0fc,https://portal.unlu.edu.ar/sudocu/api/archivos/publico/e4fca592-9c11-4316-8211-56d8e8adcd57?id_archivo=e4fca592-9c11-4316-8211-56d8e8adcd57&id_documento=9afb400e-40ea-4d55-8e46-281d4f67f0fc,ORDENES DE COMPRA,OCDIAGUITA,152,2025,UNLu,17/07/2025
ORDEN DE COMPRA,ORC : 152 / 2024,Autorizado,20/11/2024,OC_152_24exp_253_24 Bernardino,215,ORC_152_2024.pdf,,6654b4bf-9d43-478a-bfe1-3dc89054c568,cbb09c51-5dbf-42ac-abb7-6c91fd147622,https://portal.unlu.edu.ar/sudocu/api/archivos/publico/6654b4bf-9d43-478a-bfe1-3dc89054c568?id_archivo=6654b4bf-9d43-478a-bfe1-3dc89054c568&id_documento=cbb09c51-5dbf-42ac-abb7-6c91fd147622,ORDENES DE COMPRA,ORC,152,2024,UNLu,20/11/2024
ORDEN DE COMPRA DIAGUITA,OCDIAGUITA : 151 / 2025,Autorizado,07/08/2025,EXP. 578/25 - ODC151/25 - La Raiz S.A.,216,OCDIAGUITA_151_2025.pdf,,5d798221-e845-4444-a0f5-81cea59d1c59,9b39ff0b-59f7-4254-9c7b-a646de15e675,https://portal.unlu.edu.ar/sudocu/api/archivos/publico/5d798221-e845-4444-a0f5-81cea59d1c59?id_archivo=5d798221-e845-4444-a0f5-81cea59d1c59&id_documento=9b39ff0b-59f7-4254-9c7b-a646de15e675,ORDENES DE COMPRA,OCDIAGUITA,151,2025,UNLu,17/07/2025
ORDEN DE COMPRA,ORC : 151 / 2024,Autorizado,20/11/2024,OC_151_24_exp_253_24 Paullión,217,ORC_151_2024.pdf,,84238b83-73ad-4146-b629-0733b36da604,45cf3801-70da-45db-b0c6-1303bbd8d4d9,https://portal.unlu.edu.ar/sudocu/api/archivos/publico/84238b83-73ad-4146-b629-0733b36da604?id_archivo=84238b83-73ad-4146-b629-0733b36da604&id_documento=45cf3801-70da-45db-b0c6-1303bbd8d4d9,ORDENES DE COMPRA,ORC,151,2024,UNLu,20/11/2024
ORDEN DE COMPRA DIAGUITA,OCDIAGUITA : 150 / 2025,Autorizado,10/07/2025,EXP. 144/25 - ODC 150/25 - DA RONCO RICARDO OMAR,218,OCDIAGUITA_150_2025.pdf,,c68bdf5b-f748-4533-aa53-ed0b6896c06f,d2771be6-5003-4c20-8ba5-ae94a4d00898,https://portal.unlu.edu.ar/sudocu/api/archivos/publico/c68bdf5b-f748-4533-aa53-ed0b6896c06f?id_archivo=c68bdf5b-f748-4533-aa53-ed0b6896c06f&id_documento=d2771be6-5003-4c20-8ba5-ae94a4d00898,ORDENES DE COMPRA,OCDIAGUITA,150,2025,UNLu,10/07/2025
ORDEN DE COMPRA,ORC : 150 / 2024,Autorizado,15/11/2024,EXP. 181/24 - ODC 150/24 - Seiq Group S.A.,219,ORC_150_2024.pdf,,2b6416ca-687c-4907-aed5-30fed071d89b,30d02dc3-00da-410e-bbf8-13b83fb6b79a,https://portal.unlu.edu.ar/sudocu/api/archivos/publico/2b6416ca-687c-4907-aed5-30fed071d89b?id_archivo=2b6416ca-687c-4907-aed5-30fed071d89b&id_documento=30d02dc3-00da-410e-bbf8-13b83fb6b79a,ORDENES DE COMPRA,ORC,150,2024,UNLu,15/11/2024
ORDEN DE COMPRA DIAGUITA,OCDIAGUITA : 149 / 2025,Autorizado,10/07/2025,EXP. 463/25 - ODC 149/25 - SOLARI S.A.,220,OCDIAGUITA_149_2025.pdf,,2ce96be8-b8a1-4599-979e-831304d9be31,aae3ff61-0b46-4e8e-8a82-068287e3c315,https://portal.unlu.edu.ar/sudocu/api/archivos/publico/2ce96be8-b8a1-4599-979e-831304d9be31?id_archivo=2ce96be8-b8a1-4599-979e-831304d9be31&id_documento=aae3ff61-0b46-4e8e-8a82-068287e3c315,ORDENES DE COMPRA,OCDIAGUITA,149,2025,UNLu,10/07/2025
ORDEN DE COMPRA,ORC : 149 / 2024,Autorizado,15/11/2024,EXP. 181/24 - ODC 149/24 - Ditsa S.R.L.,221,ORC_149_2024.pdf,,299c195f-38b0-49a0-83d8-94712b60c7ca,15bb14e1-8a81-4608-bfcf-eb72c50385ea,https://portal.unlu.edu.ar/sudocu/api/archivos/publico/299c195f-38b0-49a0-83d8-94712b60c7ca?id_archivo=299c195f-38b0-49a0-83d8-94712b60c7ca&id_documento=15bb14e1-8a81-4608-bfcf-eb72c50385ea,ORDENES DE COMPRA,ORC,149,2024,UNLu,15/11/2024
ORDEN DE COMPRA DIAGUITA,OCDIAGUITA : 148 / 2025,Autorizado,03/07/2025,EXPEDIENTE 334/2025 - OC 148/2025 JENCK S.A.,222,OCDIAGUITA_148_2025.pdf,,1e933f69-547c-41a3-bd68-fb42c381624b,0a2dd38f-ff02-4f99-9960-4eb2eb5b4bd3,https://portal.unlu.edu.ar/sudocu/api/archivos/publico/1e933f69-547c-41a3-bd68-fb42c381624b?id_archivo=1e933f69-547c-41a3-bd68-fb42c381624b&id_documento=0a2dd38f-ff02-4f99-9960-4eb2eb5b4bd3,ORDENES DE COMPRA,OCDIAGUITA,148,2025,UNLu,02/07/2025
ORDEN DE COMPRA,ORC : 148 / 2024,Autorizado,15/11/2024,EXP. 181/24 - ODC 148/24 - Juan Carlos Cardinale S.R.L.,223,ORC_148_2024.pdf,,708b8684-55e2-4ca8-b94f-2859925e9c7d,55dcf52e-398d-4061-9ff8-260707e13801,https://portal.unlu.edu.ar/sudocu/api/archivos/publico/708b8684-55e2-4ca8-b94f-2859925e9c7d?id_archivo=708b8684-55e2-4ca8-b94f-2859925e9c7d&id_documento=55dcf52e-398d-4061-9ff8-260707e13801,ORDENES DE COMPRA,ORC,148,2024,UNLu,15/11/2024
ORDEN DE COMPRA DIAGUITA,OCDIAGUITA : 147 / 2025,Autorizado,02/07/2025,EXP. 416/25 - ODC 147/25 - GAGO MARTA EMILIA,224,OCDIAGUITA_147_2025.pdf,,4d2a67e3-c74a-42fc-b930-b2f509caf09b,bed94e59-1db2-4152-947e-cdc8348c1fb0,https://portal.unlu.edu.ar/sudocu/api/archivos/publico/4d2a67e3-c74a-42fc-b930-b2f509caf09b?id_archivo=4d2a67e3-c74a-42fc-b930-b2f509caf09b&id_documento=bed94e59-1db2-4152-947e-cdc8348c1fb0,ORDENES DE COMPRA,OCDIAGUITA,147,2025,UNLu,02/07/2025
ORDEN DE COMPRA,ORC : 147 / 2024,Autorizado,15/11/2024,EXP. 181/24 - ODC 147/24 - Pelaez Cesar Germán,225,ORC_147_2024.pdf,,e1c5da28-f489-4f58-8a59-4be9b4a54ab3,1e1ad1ec-2b77-4db0-8e1c-cfcd96605f87,https://portal.unlu.edu.ar/sudocu/api/archivos/publico/e1c5da28-f489-4f58-8a59-4be9b4a54ab3?id_archivo=e1c5da28-f489-4f58-8a59-4be9b4a54ab3&id_documento=1e1ad1ec-2b77-4db0-8e1c-cfcd96605f87,ORDENES DE COMPRA,ORC,147,2024,UNLu,15/11/2024
ORDEN DE COMPRA DIAGUITA,OCDIAGUITA : 146 / 2025,Autorizado,01/07/2025,EXP. 412/25 - ODC 146/25 - HABITAT ECOLOGICO S.A.,226,OCDIAGUITA_146_2025.pdf,,76a22cf6-473e-4eb7-9038-d97a5e396d52,8f297009-7e93-4e15-924e-88bb5fb8cee4,https://portal.unlu.edu.ar/sudocu/api/archivos/publico/76a22cf6-473e-4eb7-9038-d97a5e396d52?id_archivo=76a22cf6-473e-4eb7-9038-d97a5e396d52&id_documento=8f297009-7e93-4e15-924e-88bb5fb8cee4,ORDENES DE COMPRA,OCDIAGUITA,146,2025,UNLu,01/07/2025
ORDEN DE COMPRA,ORC : 146 / 2024,Autorizado,15/11/2024,EXP. 181/24 - ODC 146/24 - Clean Up S.R.L.,227,ORC_146_2024.pdf,,09254e4e-9c01-4ea2-8793-f6e35f091cb2,6eedb956-6604-42e5-a956-588ac01ee40b,https://portal.unlu.edu.ar/sudocu/api/archivos/publico/09254e4e-9c01-4ea2-8793-f6e35f091cb2?id_archivo=09254e4e-9c01-4ea2-8793-f6e35f091cb2&id_documento=6eedb956-6604-42e5-a956-588ac01ee40b,ORDENES DE COMPRA,ORC,146,2024,UNLu,15/11/2024
ORDEN DE COMPRA DIAGUITA,OCDIAGUITA : 145 / 2025,Autorizado,30/06/2025,EXP LUJ Nº 336/25. ORDEN DE COMPRA Nº 145/25 - INSTRUMENTAL PASTEUR S.R.L,228,OCDIAGUITA_145_2025.pdf,,4027881d-c7a9-4b85-aef8-57f7409fcf4b,bbf46806-0432-40f7-b4bb-0a3fa5374704,https://portal.unlu.edu.ar/sudocu/api/archivos/publico/4027881d-c7a9-4b85-aef8-57f7409fcf4b?id_archivo=4027881d-c7a9-4b85-aef8-57f7409fcf4b&id_documento=bbf46806-0432-40f7-b4bb-0a3fa5374704,ORDENES DE COMPRA,OCDIAGUITA,145,2025,UNLu,26/06/2025
ORDEN DE COMPRA,ORC : 145 / 2024,Autorizado,14/11/2024,EXP. 133/24 - ODC 145/24 - Pereyra Schuth Ezequiel Martin,229,ORC_145_2024.pdf,,3f542621-83c4-4217-804b-0aa899b643b8,877a9a59-1a08-499e-9113-d7ace20b403f,https://portal.unlu.edu.ar/sudocu/api/archivos/publico/3f542621-83c4-4217-804b-0aa899b643b8?id_archivo=3f542621-83c4-4217-804b-0aa899b643b8&id_documento=877a9a59-1a08-499e-9113-d7ace20b403f,ORDENES DE COMPRA,ORC,145,2024,UNLu,14/11/2024
ORDEN DE COMPRA DIAGUITA,OCDIAGUITA : 144 / 2025,Autorizado,26/06/2025,EXPEDIENTE 439/25 - OC DIAGUITA 144/25,230,OCDIAGUITA_144_2025.pdf,,9212a775-5955-426b-b9b9-d7ad4fb80a12,502e643f-83da-478a-a31e-d14329d2df37,https://portal.unlu.edu.ar/sudocu/api/archivos/publico/9212a775-5955-426b-b9b9-d7ad4fb80a12?id_archivo=9212a775-5955-426b-b9b9-d7ad4fb80a12&id_documento=502e643f-83da-478a-a31e-d14329d2df37,ORDENES DE COMPRA,OCDIAGUITA,144,2025,UNLu,26/06/2025
ORDEN DE COMPRA,ORC : 144 / 2024,Autorizado,20/11/2024,EXP. 616/24 - ODC 144/24 - De Antoni Claudio Alejandro,231,ORC_144_2024.pdf,,f3129c06-b2d2-4dfa-b232-0d51c08e2eaf,b224ae6d-e3b7-4ac7-89ef-46ceed67e613,https://portal.unlu.edu.ar/sudocu/api/archivos/publico/f3129c06-b2d2-4dfa-b232-0d51c08e2eaf?id_archivo=f3129c06-b2d2-4dfa-b232-0d51c08e2eaf&id_documento=b224ae6d-e3b7-4ac7-89ef-46ceed67e613,ORDENES DE COMPRA,ORC,144,2024,UNLu,14/11/2024
ORDEN DE COMPRA DIAGUITA,OCDIAGUITA : 143 / 2025,Autorizado,26/06/2025,EXPEDIENTE 364/2025 - ORDEN DE COMPRA,232,OCDIAGUITA_143_2025.pdf,,db046b9d-64e6-4fad-9c28-2c0aaac238f7,32e2e532-12aa-4578-8a91-41c2e30a31d1,https://portal.unlu.edu.ar/sudocu/api/archivos/publico/db046b9d-64e6-4fad-9c28-2c0aaac238f7?id_archivo=db046b9d-64e6-4fad-9c28-2c0aaac238f7&id_documento=32e2e532-12aa-4578-8a91-41c2e30a31d1,ORDENES DE COMPRA,OCDIAGUITA,143,2025,UNLu,26/06/2025
ORDEN DE COMPRA,ORC : 143 / 2024,Autorizado,14/11/2024,OC_143_exp_149_24Nisamat Group S.A,233,ORC_143_2024.pdf,,59cbaf89-5bdf-4e48-b982-89939ab23d30,276f37a8-fe23-4acd-a2ee-49f9f3da6935,https://portal.unlu.edu.ar/sudocu/api/archivos/publico/59cbaf89-5bdf-4e48-b982-89939ab23d30?id_archivo=59cbaf89-5bdf-4e48-b982-89939ab23d30&id_documento=276f37a8-fe23-4acd-a2ee-49f9f3da6935,ORDENES DE COMPRA,ORC,143,2024,UNLu,12/11/2024
ORDEN DE COMPRA DIAGUITA,OCDIAGUITA : 142 / 2025,Autorizado,25/06/2025,EXP. 56/25 - ODC 142/25 - VAZQUEZ WALTER ANDRES,234,OCDIAGUITA_142_2025.pdf,,56c4ae3f-051c-4c7e-a0e8-7914a446fad8,e3cebfea-0198-4859-a2e5-e26084e12e97,https://portal.unlu.edu.ar/sudocu/api/archivos/publico/56c4ae3f-051c-4c7e-a0e8-7914a446fad8?id_archivo=56c4ae3f-051c-4c7e-a0e8-7914a446fad8&id_documento=e3cebfea-0198-4859-a2e5-e26084e12e97,ORDENES DE COMPRA,OCDIAGUITA,142,2025,UNLu,25/06/2025
ORDEN DE COMPRA,ORC : 142 / 2024,Autorizado,12/11/2024,ODC_142_24_STURLA VIAJES SRL_EXP_762_24,235,ORC_142_2024.pdf,,972727de-0f81-4151-9a6a-61b54ae74e73,1129a669-feaf-4f9f-8490-4b244c731920,https://portal.unlu.edu.ar/sudocu/api/archivos/publico/972727de-0f81-4151-9a6a-61b54ae74e73?id_archivo=972727de-0f81-4151-9a6a-61b54ae74e73&id_documento=1129a669-feaf-4f9f-8490-4b244c731920,ORDENES DE COMPRA,ORC,142,2024,UNLu,12/11/2024
ORDEN DE COMPRA DIAGUITA,OCDIAGUITA : 141 / 2025,Autorizado,24/06/2025,EXP. 383/25 - ODC 141/25 - MAGGIO ADALBERTO CESAR,236,OCDIAGUITA_141_2025.pdf,,0291915d-d1e1-414d-bcec-9e4aa5715824,140266ca-a970-43f7-b9ba-3fbd980d68d6,https://portal.unlu.edu.ar/sudocu/api/archivos/publico/0291915d-d1e1-414d-bcec-9e4aa5715824?id_archivo=0291915d-d1e1-414d-bcec-9e4aa5715824&id_documento=140266ca-a970-43f7-b9ba-3fbd980d68d6,ORDENES DE COMPRA,OCDIAGUITA,141,2025,UNLu,24/06/2025
ORDEN DE COMPRA,ORC : 141 / 2024,Autorizado,12/11/2024,EXP. 583/24 - ODC 141/24  - Research AG S.A.,237,ORC_141_2024.pdf,,9cd6f2ee-be5e-4372-98ec-856ab3a0b262,2dddff90-43e0-44e5-ae42-f6e6dbd798cc,https://portal.unlu.edu.ar/sudocu/api/archivos/publico/9cd6f2ee-be5e-4372-98ec-856ab3a0b262?id_archivo=9cd6f2ee-be5e-4372-98ec-856ab3a0b262&id_documento=2dddff90-43e0-44e5-ae42-f6e6dbd798cc,ORDENES DE COMPRA,ORC,141,2024,UNLu,11/11/2024
ORDEN DE COMPRA DIAGUITA,OCDIAGUITA : 140 / 2025,Autorizado,10/06/2025,EXP. 270/25 - ODC 140/25 - DISTRIBUIDORA JUANCO S.R.L.,238,OCDIAGUITA_140_2025.pdf,,db7c65ad-d442-4ea5-be3a-b82fb740d70e,5b38b2cb-fc43-4aeb-9d6c-f4686171c920,https://portal.unlu.edu.ar/sudocu/api/archivos/publico/db7c65ad-d442-4ea5-be3a-b82fb740d70e?id_archivo=db7c65ad-d442-4ea5-be3a-b82fb740d70e&id_documento=5b38b2cb-fc43-4aeb-9d6c-f4686171c920,ORDENES DE COMPRA,OCDIAGUITA,140,2025,UNLu,10/06/2025
ORDEN DE COMPRA,ORC : 140 / 2024,Autorizado,11/11/2024,OC_140_24_EXP_615_24_ Hand Cell S.A.,239,ORC_140_2024.pdf,,207e6d5a-b28e-4a5a-b28d-efc667314c3d,e575fb3a-c11c-482e-b70c-0303cd96a9dd,https://portal.unlu.edu.ar/sudocu/api/archivos/publico/207e6d5a-b28e-4a5a-b28d-efc667314c3d?id_archivo=207e6d5a-b28e-4a5a-b28d-efc667314c3d&id_documento=e575fb3a-c11c-482e-b70c-0303cd96a9dd,ORDENES DE COMPRA,ORC,140,2024,UNLu,11/11/2024
ORDEN DE COMPRA DIAGUITA,OCDIAGUITA : 139 / 2025,Autorizado,06/06/2025,EXP. 421/25 - ODC 139/25 - VAZQUEZ CELESTINO ALBERTO,240,OCDIAGUITA_139_2025.pdf,,10e75e58-bb45-43ef-8fcd-82172dae163f,96e80e44-2cb4-4cb0-bfb0-067fb98c2423,https://portal.unlu.edu.ar/sudocu/api/archivos/publico/10e75e58-bb45-43ef-8fcd-82172dae163f?id_archivo=10e75e58-bb45-43ef-8fcd-82172dae163f&id_documento=96e80e44-2cb4-4cb0-bfb0-067fb98c2423,ORDENES DE COMPRA,OCDIAGUITA,139,2025,UNLu,06/06/2025
ORDEN DE COMPRA,ORC : 139 / 2024,Autorizado,11/11/2024,EXP-LUJ Nº 25/24. ORDEN DE COMPRA Nº 139/24 PEPE HUGO DANIEL,241,ORC_139_2024.pdf,,6ed9edca-6e99-4df2-a11f-d84fd9193908,46591842-6ba8-4391-86d9-206bb36a3bf2,https://portal.unlu.edu.ar/sudocu/api/archivos/publico/6ed9edca-6e99-4df2-a11f-d84fd9193908?id_archivo=6ed9edca-6e99-4df2-a11f-d84fd9193908&id_documento=46591842-6ba8-4391-86d9-206bb36a3bf2,ORDENES DE COMPRA,ORC,139,2024,UNLu,11/11/2024
ORDEN DE COMPRA DIAGUITA,OCDIAGUITA : 138 / 2025,Autorizado,06/06/2025,EXP. 307/25 - ODC 138/25 - INIESTA FRANCISCO JAVIER,242,OCDIAGUITA_138_2025.pdf,,10da003e-2190-4a2c-9761-e2915191c497,9df133ee-5bd5-4d6e-b5bb-62db751e6b39,https://portal.unlu.edu.ar/sudocu/api/archivos/publico/10da003e-2190-4a2c-9761-e2915191c497?id_archivo=10da003e-2190-4a2c-9761-e2915191c497&id_documento=9df133ee-5bd5-4d6e-b5bb-62db751e6b39,ORDENES DE COMPRA,OCDIAGUITA,138,2025,UNLu,06/06/2025
ORDEN DE COMPRA,ORC : 138 / 2024,Autorizado,08/11/2024,EXP. 556/24 - ODC 138/24 - Blanco José María,243,ORC_138_2024.pdf,,418efd50-2b80-4bac-a82e-bbb041b95a42,b49ebb07-4186-4679-a809-1fef0a844ee7,https://portal.unlu.edu.ar/sudocu/api/archivos/publico/418efd50-2b80-4bac-a82e-bbb041b95a42?id_archivo=418efd50-2b80-4bac-a82e-bbb041b95a42&id_documento=b49ebb07-4186-4679-a809-1fef0a844ee7,ORDENES DE COMPRA,ORC,138,2024,UNLu,07/11/2024
ORDEN DE COMPRA DIAGUITA,OCDIAGUITA : 137 / 2025,Autorizado,06/06/2025,EXP. 382/25 - ODC 137/25 - MAGGIO ADALBERTO CESAR,244,OCDIAGUITA_137_2025.pdf,,d49dba94-ed86-4c8f-9e12-94aef45f1711,a8fb85c4-bb86-4a2b-8bca-13277dc560b2,https://portal.unlu.edu.ar/sudocu/api/archivos/publico/d49dba94-ed86-4c8f-9e12-94aef45f1711?id_archivo=d49dba94-ed86-4c8f-9e12-94aef45f1711&id_documento=a8fb85c4-bb86-4a2b-8bca-13277dc560b2,ORDENES DE COMPRA,OCDIAGUITA,137,2025,UNLu,06/06/2025
ORDEN DE COMPRA,ORC : 137 / 2024,Autorizado,08/11/2024,EXP. 556/24 - ODC 137/24 - Di Toro Hnos. S.A.,245,ORC_137_2024.pdf,,aaa34bb9-7ec7-4d3d-88ed-4d9ac3b0a194,3541235a-10a1-47b2-83ea-f02cb600edec,https://portal.unlu.edu.ar/sudocu/api/archivos/publico/aaa34bb9-7ec7-4d3d-88ed-4d9ac3b0a194?id_archivo=aaa34bb9-7ec7-4d3d-88ed-4d9ac3b0a194&id_documento=3541235a-10a1-47b2-83ea-f02cb600edec,ORDENES DE COMPRA,ORC,137,2024,UNLu,07/11/2024
ORDEN DE COMPRA DIAGUITA,OCDIAGUITA : 136 / 2025,Autorizado,05/06/2025,EXP. 142/15 - ODC 136/25 - GRAFICA LATINA S.R.L.,246,OCDIAGUITA_136_2025.pdf,,01a64692-d676-492f-ac3e-c4672571fafe,d26fcb65-fdaa-446c-be12-22008511ffd8,https://portal.unlu.edu.ar/sudocu/api/archivos/publico/01a64692-d676-492f-ac3e-c4672571fafe?id_archivo=01a64692-d676-492f-ac3e-c4672571fafe&id_documento=d26fcb65-fdaa-446c-be12-22008511ffd8,ORDENES DE COMPRA,OCDIAGUITA,136,2025,UNLu,05/06/2025
ORDEN DE COMPRA,ORC : 136 / 2024,Autorizado,08/11/2024,EXP. 556/24 - ODC 136/24 - Colores Primarios Uno S.R.L.,247,ORC_136_2024.pdf,,7b07de6b-7637-4d0e-9a48-b56c4429d57e,5f63b619-61d4-4e46-bfdf-81d016760fc6,https://portal.unlu.edu.ar/sudocu/api/archivos/publico/7b07de6b-7637-4d0e-9a48-b56c4429d57e?id_archivo=7b07de6b-7637-4d0e-9a48-b56c4429d57e&id_documento=5f63b619-61d4-4e46-bfdf-81d016760fc6,ORDENES DE COMPRA,ORC,136,2024,UNLu,07/11/2024
ORDEN DE COMPRA DIAGUITA,OCDIAGUITA : 135 / 2025,Autorizado,05/06/2025,EXP. 329/25 - ODC 135/25 - FANUELE FERNANDO GABRIEL,248,OCDIAGUITA_135_2025.pdf,,7eae0562-3e72-47be-b6da-ab2d498d80f5,3574b194-c445-4192-aa96-3b9b5497de43,https://portal.unlu.edu.ar/sudocu/api/archivos/publico/7eae0562-3e72-47be-b6da-ab2d498d80f5?id_archivo=7eae0562-3e72-47be-b6da-ab2d498d80f5&id_documento=3574b194-c445-4192-aa96-3b9b5497de43,ORDENES DE COMPRA,OCDIAGUITA,135,2025,UNLu,05/06/2025
ORDEN DE COMPRA,ORC : 135 / 2024,Autorizado,08/11/2024,EXP. 556/24 - ODC 135/24 - Pepe Hugo Daniel,249,ORC_135_2024.pdf,,b8d3c179-a7e3-4ee1-b57b-c93dad1df291,e54753c4-7356-4f37-ac97-ff35c6ef92a7,https://portal.unlu.edu.ar/sudocu/api/archivos/publico/b8d3c179-a7e3-4ee1-b57b-c93dad1df291?id_archivo=b8d3c179-a7e3-4ee1-b57b-c93dad1df291&id_documento=e54753c4-7356-4f37-ac97-ff35c6ef92a7,ORDENES DE COMPRA,ORC,135,2024,UNLu,07/11/2024
ORDEN DE COMPRA DIAGUITA,OCDIAGUITA : 134 / 2025,Autorizado,06/06/2025,EXP. 329/25 - ODC 134/25 - RURAL OESTE S.R.L.,250,OCDIAGUITA_134_2025.pdf,,06e0a473-769a-4739-84d1-02f600de17b2,93a75809-6edc-46a8-95f9-edc10940043e,https://portal.unlu.edu.ar/sudocu/api/archivos/publico/06e0a473-769a-4739-84d1-02f600de17b2?id_archivo=06e0a473-769a-4739-84d1-02f600de17b2&id_documento=93a75809-6edc-46a8-95f9-edc10940043e,ORDENES DE COMPRA,OCDIAGUITA,134,2025,UNLu,05/06/2025
ORDEN DE COMPRA,ORC : 134 / 2024,Autorizado,07/11/2024,OC_134_2024_exp_1324_2023_Servicios Integrales Gráficos S.A.,251,ORC_134_2024.pdf,,a44845e4-febc-4d00-9128-9ddee410cadd,2cc0f016-7770-414e-82a6-a25c9392a2e7,https://portal.unlu.edu.ar/sudocu/api/archivos/publico/a44845e4-febc-4d00-9128-9ddee410cadd?id_archivo=a44845e4-febc-4d00-9128-9ddee410cadd&id_documento=2cc0f016-7770-414e-82a6-a25c9392a2e7,ORDENES DE COMPRA,ORC,134,2024,UNLu,07/11/2024
ORDEN DE COMPRA DIAGUITA,OCDIAGUITA : 133 / 2025,Autorizado,05/06/2025,EXP. 360/25 - ODC 133/25 - BENITEZ ANDREA VIVIANA,252,OCDIAGUITA_133_2025.pdf,,1563b03d-9e40-40f9-a67c-00a04de72164,531292f0-76ec-472e-80cc-bc9b74ba2231,https://portal.unlu.edu.ar/sudocu/api/archivos/publico/1563b03d-9e40-40f9-a67c-00a04de72164?id_archivo=1563b03d-9e40-40f9-a67c-00a04de72164&id_documento=531292f0-76ec-472e-80cc-bc9b74ba2231,ORDENES DE COMPRA,OCDIAGUITA,133,2025,UNLu,05/06/2025
ORDEN DE COMPRA,ORC : 133 / 2024,Autorizado,07/11/2024,ODC_133_24_EXP_531/24 GIL WALTER PABLO,253,ORC_133_2024.pdf,,2a2f6a78-9e8f-48ab-9825-0b4d078b6d75,4ef02901-f8b5-4d39-acd5-415c07650344,https://portal.unlu.edu.ar/sudocu/api/archivos/publico/2a2f6a78-9e8f-48ab-9825-0b4d078b6d75?id_archivo=2a2f6a78-9e8f-48ab-9825-0b4d078b6d75&id_documento=4ef02901-f8b5-4d39-acd5-415c07650344,ORDENES DE COMPRA,ORC,133,2024,UNLu,07/11/2024
ORDEN DE COMPRA DIAGUITA,OCDIAGUITA : 132 / 2025,Autorizado,05/06/2025,EXP. 136/25 - ODC 132-25 - HOGARSTYLE S.A.,254,OCDIAGUITA_132_2025.pdf,,922a1ad3-8163-4a73-8e35-455731ec749c,8e5be0b3-3c3d-4970-bf77-866a45a9682a,https://portal.unlu.edu.ar/sudocu/api/archivos/publico/922a1ad3-8163-4a73-8e35-455731ec749c?id_archivo=922a1ad3-8163-4a73-8e35-455731ec749c&id_documento=8e5be0b3-3c3d-4970-bf77-866a45a9682a,ORDENES DE COMPRA,OCDIAGUITA,132,2025,UNLu,05/06/2025
ORDEN DE COMPRA,ORC : 132 / 2024,Autorizado,07/11/2024,ODC_132_24_EXP_ 531/24 VARGAS DANTE SANTIAGO JOEL,255,ORC_132_2024.pdf,,c649ddb4-75b3-4c03-8780-709cf6ed7612,ae240eb6-0e69-4acf-b3e3-09779db47559,https://portal.unlu.edu.ar/sudocu/api/archivos/publico/c649ddb4-75b3-4c03-8780-709cf6ed7612?id_archivo=c649ddb4-75b3-4c03-8780-709cf6ed7612&id_documento=ae240eb6-0e69-4acf-b3e3-09779db47559,ORDENES DE COMPRA,ORC,132,2024,UNLu,07/11/2024
ORDEN DE COMPRA DIAGUITA,OCDIAGUITA : 131 / 2025,Autorizado,05/06/2025,EXP. 136/25 - ODC 131/25 - HOGARSTYLE S.A.,256,OCDIAGUITA_131_2025.pdf,,d495e93d-2a0a-4881-82e0-a977436486c1,61cbf008-5a49-459d-a9bf-8d7ccd0e6ecf,https://portal.unlu.edu.ar/sudocu/api/archivos/publico/d495e93d-2a0a-4881-82e0-a977436486c1?id_archivo=d495e93d-2a0a-4881-82e0-a977436486c1&id_documento=61cbf008-5a49-459d-a9bf-8d7ccd0e6ecf,ORDENES DE COMPRA,OCDIAGUITA,131,2025,UNLu,05/06/2025
ORDEN DE COMPRA,ORC : 131 / 2024,Autorizado,06/11/2024,ODC_131_24_EXP_251_24_HábitatEcológico,257,ORC_131_2024.pdf,,071de0cf-2a9c-4935-8008-d3565cfd6a43,2f2eb8f2-08bb-4323-a910-bdfa9d6ae867,https://portal.unlu.edu.ar/sudocu/api/archivos/publico/071de0cf-2a9c-4935-8008-d3565cfd6a43?id_archivo=071de0cf-2a9c-4935-8008-d3565cfd6a43&id_documento=2f2eb8f2-08bb-4323-a910-bdfa9d6ae867,ORDENES DE COMPRA,ORC,131,2024,UNLu,06/11/2024
ORDEN DE COMPRA DIAGUITA,OCDIAGUITA : 130 / 2025,Autorizado,02/06/2025,EXP. 265/25 - ODC 130/25 - VP 3 GENERACIONES S.R.L.,258,OCDIAGUITA_130_2025.pdf,,4957593f-710a-4b14-9fba-b1aa8cc29b31,76797353-74f0-436e-847d-cc519e172105,https://portal.unlu.edu.ar/sudocu/api/archivos/publico/4957593f-710a-4b14-9fba-b1aa8cc29b31?id_archivo=4957593f-710a-4b14-9fba-b1aa8cc29b31&id_documento=76797353-74f0-436e-847d-cc519e172105,ORDENES DE COMPRA,OCDIAGUITA,130,2025,UNLu,02/06/2025
ORDEN DE COMPRA,ORC : 130 / 2024,Autorizado,05/11/2024,EXP. 192/24 - ODC 130/24 - Segen S.R.L.,259,ORC_130_2024.pdf,,dd3364b7-3a96-4db2-bf46-47e339db0628,a2971843-e644-4ddc-a8f9-2897ef09db87,https://portal.unlu.edu.ar/sudocu/api/archivos/publico/dd3364b7-3a96-4db2-bf46-47e339db0628?id_archivo=dd3364b7-3a96-4db2-bf46-47e339db0628&id_documento=a2971843-e644-4ddc-a8f9-2897ef09db87,ORDENES DE COMPRA,ORC,130,2024,UNLu,05/11/2024
ORDEN DE COMPRA DIAGUITA,OCDIAGUITA : 129 / 2025,Autorizado,02/06/2025,EXP. 265/25 - ODC 129/25 - FERNANDEZ CIMILLO BIANCA,260,OCDIAGUITA_129_2025.pdf,,392558f3-4946-452b-8172-9d23500447b9,64495a4b-b194-410d-a5f3-7db5fe7f11c1,https://portal.unlu.edu.ar/sudocu/api/archivos/publico/392558f3-4946-452b-8172-9d23500447b9?id_archivo=392558f3-4946-452b-8172-9d23500447b9&id_documento=64495a4b-b194-410d-a5f3-7db5fe7f11c1,ORDENES DE COMPRA,OCDIAGUITA,129,2025,UNLu,02/06/2025
ORDEN DE COMPRA,ORC : 129 / 2024,Autorizado,05/11/2024,ODC -129_24 - EXP 192/24 - PRENTEX,261,ORC_129_2024.pdf,,c8f079f8-7d6e-486e-a27b-782f55199146,3325d2cb-1af5-409a-b58d-ed0c68c99ee0,https://portal.unlu.edu.ar/sudocu/api/archivos/publico/c8f079f8-7d6e-486e-a27b-782f55199146?id_archivo=c8f079f8-7d6e-486e-a27b-782f55199146&id_documento=3325d2cb-1af5-409a-b58d-ed0c68c99ee0,ORDENES DE COMPRA,ORC,129,2024,UNLu,04/11/2024
ORDEN DE COMPRA DIAGUITA,OCDIAGUITA : 128 / 2025,Autorizado,02/06/2025,EXPEDIENTE 195/25 - OC 128/25 AMPLIACIÓN OC 124/25 CROSSWISE SRL,262,OCDIAGUITA_128_2025.pdf,,5dc33d18-7667-4748-a609-9b0505022893,3ca62f24-1784-4d74-af63-4b8afff0f70d,https://portal.unlu.edu.ar/sudocu/api/archivos/publico/5dc33d18-7667-4748-a609-9b0505022893?id_archivo=5dc33d18-7667-4748-a609-9b0505022893&id_documento=3ca62f24-1784-4d74-af63-4b8afff0f70d,ORDENES DE COMPRA,OCDIAGUITA,128,2025,UNLu,02/06/2025
ORDEN DE COMPRA,ORC : 128 / 2024,Autorizado,04/11/2024,ODC_128_24_EXP_103_24 CASIBA,263,ORC_128_2024.pdf,,317a77d9-8c0e-49c1-9161-d685a81a6787,d73636fe-0d09-4d79-8dc9-afae089032c7,https://portal.unlu.edu.ar/sudocu/api/archivos/publico/317a77d9-8c0e-49c1-9161-d685a81a6787?id_archivo=317a77d9-8c0e-49c1-9161-d685a81a6787&id_documento=d73636fe-0d09-4d79-8dc9-afae089032c7,ORDENES DE COMPRA,ORC,128,2024,UNLu,04/11/2024
ORDEN DE COMPRA DIAGUITA,OCDIAGUITA : 127 / 2025,Autorizado,02/06/2025,EXP. 1230/24 - ODC 127/25 - DIAMOND SYSTEM S.A.,264,OCDIAGUITA_127_2025.pdf,,ea988eb5-1788-4f87-9d0f-c832163c843e,50d2164d-7a4c-4ce3-9da1-626a92992534,https://portal.unlu.edu.ar/sudocu/api/archivos/publico/ea988eb5-1788-4f87-9d0f-c832163c843e?id_archivo=ea988eb5-1788-4f87-9d0f-c832163c843e&id_documento=50d2164d-7a4c-4ce3-9da1-626a92992534,ORDENES DE COMPRA,OCDIAGUITA,127,2025,UNLu,02/06/2025
ORDEN DE COMPRA,ORC : 127 / 2024,Autorizado,31/10/2024,EXP.761_24 ODC_127_24_CODE NORTE SRL,265,ORC_127_2024.pdf,,fc92278c-d573-4e94-87c0-47c3dbaedf00,9109ed1d-f531-49cf-8764-b619071f316d,https://portal.unlu.edu.ar/sudocu/api/archivos/publico/fc92278c-d573-4e94-87c0-47c3dbaedf00?id_archivo=fc92278c-d573-4e94-87c0-47c3dbaedf00&id_documento=9109ed1d-f531-49cf-8764-b619071f316d,ORDENES DE COMPRA,ORC,127,2024,UNLu,31/10/2024
ORDEN DE COMPRA DIAGUITA,OCDIAGUITA : 126 / 2025,Autorizado,02/06/2025,EXPEDIENTE 1230/24- OC 126/25 SERVICIOS GLOBALES DE INFORMÁTICA SA,266,OCDIAGUITA_126_2025.pdf,,97e2b1c8-cf77-46f9-bfa2-b3fa95af9dc0,1794aff4-3062-4e10-ba20-cc721d6200b6,https://portal.unlu.edu.ar/sudocu/api/archivos/publico/97e2b1c8-cf77-46f9-bfa2-b3fa95af9dc0?id_archivo=97e2b1c8-cf77-46f9-bfa2-b3fa95af9dc0&id_documento=1794aff4-3062-4e10-ba20-cc721d6200b6,ORDENES DE COMPRA,OCDIAGUITA,126,2025,UNLu,02/06/2025
ORDEN DE COMPRA,ORC : 126 / 2024,Autorizado,31/10/2024,EXP.729_24 ODC 126_24 ADUR JULIAN CAYETANO,267,ORC_126_2024.pdf,,f06d1e96-ef58-4b4c-9096-99eb90d09bee,9a6bdeb6-8420-4d33-90fd-c0d662f9c0da,https://portal.unlu.edu.ar/sudocu/api/archivos/publico/f06d1e96-ef58-4b4c-9096-99eb90d09bee?id_archivo=f06d1e96-ef58-4b4c-9096-99eb90d09bee&id_documento=9a6bdeb6-8420-4d33-90fd-c0d662f9c0da,ORDENES DE COMPRA,ORC,126,2024,UNLu,31/10/2024
ORDEN DE COMPRA DIAGUITA,OCDIAGUITA : 125 / 2025,Autorizado,02/06/2025,EXPEDIENTE 195/2025 - OC 125/25 AMPLIACIÓN OC 123/25 MDP SISTEMAS DIDGITALES SRL,268,OCDIAGUITA_125_2025.pdf,,1483fc84-59a2-4a2a-8104-f891e6fac291,59cb9bc9-037a-47d2-a8e1-3e2164e6a0e4,https://portal.unlu.edu.ar/sudocu/api/archivos/publico/1483fc84-59a2-4a2a-8104-f891e6fac291?id_archivo=1483fc84-59a2-4a2a-8104-f891e6fac291&id_documento=59cb9bc9-037a-47d2-a8e1-3e2164e6a0e4,ORDENES DE COMPRA,OCDIAGUITA,125,2025,UNLu,02/06/2025
ORDEN DE COMPRA,ORC : 125 / 2024,Autorizado,29/10/2024,EXP. 241/24 - ODC 125/24 - Bulecevich Iván,269,ORC_125_2024.pdf,,67bfa967-1c26-4e89-8fd6-a09f2c9579a8,21dcd99b-bdd7-40b8-be40-43e0e9e4fcf7,https://portal.unlu.edu.ar/sudocu/api/archivos/publico/67bfa967-1c26-4e89-8fd6-a09f2c9579a8?id_archivo=67bfa967-1c26-4e89-8fd6-a09f2c9579a8&id_documento=21dcd99b-bdd7-40b8-be40-43e0e9e4fcf7,ORDENES DE COMPRA,ORC,125,2024,UNLu,29/10/2024
ORDEN DE COMPRA DIAGUITA,OCDIAGUITA : 124 / 2025,Autorizado,02/06/2025,EXPEDIENTE 195/2025 - OC 124/2025 CROSSWISE SRL,270,OCDIAGUITA_124_2025.pdf,,c897166a-9d5f-4e4b-9f47-8c3358dd5705,5b3d17c1-146a-4e6e-b04f-b4f9cc4cf2b1,https://portal.unlu.edu.ar/sudocu/api/archivos/publico/c897166a-9d5f-4e4b-9f47-8c3358dd5705?id_archivo=c897166a-9d5f-4e4b-9f47-8c3358dd5705&id_documento=5b3d17c1-146a-4e6e-b04f-b4f9cc4cf2b1,ORDENES DE COMPRA,OCDIAGUITA,124,2025,UNLu,02/06/2025
ORDEN DE COMPRA,ORC : 124 / 2024,Autorizado,29/10/2024,EXP. 241/24 - ODC 124/24 - Pepe Hugo Daniel,271,ORC_124_2024.pdf,,d05aea7f-2c86-49d3-a846-921aeb6cb3dc,626587ac-67ef-4835-957d-66a3f2b8445c,https://portal.unlu.edu.ar/sudocu/api/archivos/publico/d05aea7f-2c86-49d3-a846-921aeb6cb3dc?id_archivo=d05aea7f-2c86-49d3-a846-921aeb6cb3dc&id_documento=626587ac-67ef-4835-957d-66a3f2b8445c,ORDENES DE COMPRA,ORC,124,2024,UNLu,29/10/2024
ORDEN DE COMPRA DIAGUITA,OCDIAGUITA : 123 / 2025,Autorizado,02/06/2025,EXPEDIENTE 195/2025 - OC 123/2025 MDP SISTEMAS DIGITALES,272,OCDIAGUITA_123_2025.pdf,,95ed1153-7996-4a53-b1fc-27ed9b62bc04,8433877a-c14b-44ec-86e1-5d74a972bd21,https://portal.unlu.edu.ar/sudocu/api/archivos/publico/95ed1153-7996-4a53-b1fc-27ed9b62bc04?id_archivo=95ed1153-7996-4a53-b1fc-27ed9b62bc04&id_documento=8433877a-c14b-44ec-86e1-5d74a972bd21,ORDENES DE COMPRA,OCDIAGUITA,123,2025,UNLu,02/06/2025
ORDEN DE COMPRA,ORC : 123 / 2024,Autorizado,28/10/2024,EXP. 505/24 - ODC 123/24 - Rural Oeste S.R.L.,273,ORC_123_2024.pdf,,e35d6c2b-f0f8-41a1-be60-b86f62617129,90548a21-70cd-42f5-ae7e-c993b426f236,https://portal.unlu.edu.ar/sudocu/api/archivos/publico/e35d6c2b-f0f8-41a1-be60-b86f62617129?id_archivo=e35d6c2b-f0f8-41a1-be60-b86f62617129&id_documento=90548a21-70cd-42f5-ae7e-c993b426f236,ORDENES DE COMPRA,ORC,123,2024,UNLu,28/10/2024
ORDEN DE COMPRA DIAGUITA,OCDIAGUITA : 122 / 2025,Autorizado,02/06/2025,EXP. 261/25 - ODC 122/25 - BENITEZ ANDREA VIVIANA,274,OCDIAGUITA_122_2025.pdf,,7aaec548-d892-40ca-8171-0b80d19aa456,8c17adeb-6503-4e2a-bc47-064dd9799199,https://portal.unlu.edu.ar/sudocu/api/archivos/publico/7aaec548-d892-40ca-8171-0b80d19aa456?id_archivo=7aaec548-d892-40ca-8171-0b80d19aa456&id_documento=8c17adeb-6503-4e2a-bc47-064dd9799199,ORDENES DE COMPRA,OCDIAGUITA,122,2025,UNLu,02/06/2025
ORDEN DE COMPRA,ORC : 122 / 2024,Autorizado,28/10/2024,EXP. 505/24 - ODC 122/24 - Pepe Hugo Daniel,275,ORC_122_2024.pdf,,bbacdff0-2533-45b1-b723-6fc36028650d,6a85afa1-b473-45ea-94cc-11f46ac8f837,https://portal.unlu.edu.ar/sudocu/api/archivos/publico/bbacdff0-2533-45b1-b723-6fc36028650d?id_archivo=bbacdff0-2533-45b1-b723-6fc36028650d&id_documento=6a85afa1-b473-45ea-94cc-11f46ac8f837,ORDENES DE COMPRA,ORC,122,2024,UNLu,28/10/2024
ORDEN DE COMPRA DIAGUITA,OCDIAGUITA : 121 / 2025,Autorizado,02/06/2025,EXP. 261/25 - ODC 121/25 - DE BIASI LEONARDO CARLOS,276,OCDIAGUITA_121_2025.pdf,,7bb41a6e-4afa-4e55-befb-02a854f36fde,327638cf-42f3-458a-a692-2c6c6003ce0c,https://portal.unlu.edu.ar/sudocu/api/archivos/publico/7bb41a6e-4afa-4e55-befb-02a854f36fde?id_archivo=7bb41a6e-4afa-4e55-befb-02a854f36fde&id_documento=327638cf-42f3-458a-a692-2c6c6003ce0c,ORDENES DE COMPRA,OCDIAGUITA,121,2025,UNLu,02/06/2025
ORDEN DE COMPRA,ORC : 121 / 2024,Autorizado,28/10/2024,EXP. 527/24 - ODC 121/24 - Bulecevich Iván,277,ORC_121_2024.pdf,,361e48e4-3e17-4664-9677-b33e43de1879,854f5660-655e-4e0d-a397-06fae07fe327,https://portal.unlu.edu.ar/sudocu/api/archivos/publico/361e48e4-3e17-4664-9677-b33e43de1879?id_archivo=361e48e4-3e17-4664-9677-b33e43de1879&id_documento=854f5660-655e-4e0d-a397-06fae07fe327,ORDENES DE COMPRA,ORC,121,2024,UNLu,28/10/2024
ORDEN DE COMPRA DIAGUITA,OCDIAGUITA : 120 / 2025,Autorizado,02/06/2025,EXP. 109/25 - ODC 120/25 - SEM EMERGENCIAS S.R.L.,278,OCDIAGUITA_120_2025.pdf,,ff1237d2-3ec4-4e5e-83f6-3d0bf6bbe11a,ed5461ce-64c6-43fa-8267-b9444ef70226,https://portal.unlu.edu.ar/sudocu/api/archivos/publico/ff1237d2-3ec4-4e5e-83f6-3d0bf6bbe11a?id_archivo=ff1237d2-3ec4-4e5e-83f6-3d0bf6bbe11a&id_documento=ed5461ce-64c6-43fa-8267-b9444ef70226,ORDENES DE COMPRA,OCDIAGUITA,120,2025,UNLu,02/06/2025
ORDEN DE COMPRA,ORC : 120 / 2024,Autorizado,28/10/2024,EXP. 527/24 - ODC 120/24 - Planeta Hogar S.R.L.,279,ORC_120_2024.pdf,,8033a3c4-681d-471d-9861-c1a6df1a13b8,e013620a-81a7-4850-9444-6da642c367fb,https://portal.unlu.edu.ar/sudocu/api/archivos/publico/8033a3c4-681d-471d-9861-c1a6df1a13b8?id_archivo=8033a3c4-681d-471d-9861-c1a6df1a13b8&id_documento=e013620a-81a7-4850-9444-6da642c367fb,ORDENES DE COMPRA,ORC,120,2024,UNLu,28/10/2024
ORDEN DE COMPRA DIAGUITA,OCDIAGUITA : 119 / 2025,Autorizado,29/05/2025,EXP. 1102/24 - ODC 119/25 - INDUSTRIAL MADERERA KOPRUCH S.A.,280,OCDIAGUITA_119_2025.pdf,,ee401e11-9f9b-4669-a96e-7f8b649482e7,6dc1e254-79c1-4923-8975-727a14867273,https://portal.unlu.edu.ar/sudocu/api/archivos/publico/ee401e11-9f9b-4669-a96e-7f8b649482e7?id_archivo=ee401e11-9f9b-4669-a96e-7f8b649482e7&id_documento=6dc1e254-79c1-4923-8975-727a14867273,ORDENES DE COMPRA,OCDIAGUITA,119,2025,UNLu,29/05/2025
ORDEN DE COMPRA,ORC : 119 / 2024,Autorizado,28/10/2024,EXP. 363/24 - ODC 119/24 - Sistemas Junín S.R.L.,281,ORC_119_2024.pdf,,f5404e28-bd33-40b5-9db4-85d800740f3f,9206b8e4-01b8-4aab-bcb4-6d4bc0f91ca6,https://portal.unlu.edu.ar/sudocu/api/archivos/publico/f5404e28-bd33-40b5-9db4-85d800740f3f?id_archivo=f5404e28-bd33-40b5-9db4-85d800740f3f&id_documento=9206b8e4-01b8-4aab-bcb4-6d4bc0f91ca6,ORDENES DE COMPRA,ORC,119,2024,UNLu,28/10/2024
ORDEN DE COMPRA DIAGUITA,OCDIAGUITA : 118 / 2025,Autorizado,28/05/2025,EXP. 135/25 - ODC 118/25 - BENITEZ ANDREA VIVIANA,282,OCDIAGUITA_118_2025.pdf,,f02e8b1c-143d-4557-92fe-a77aa6c602b7,bc308ce0-ff02-4071-9002-d859b1ca6405,https://portal.unlu.edu.ar/sudocu/api/archivos/publico/f02e8b1c-143d-4557-92fe-a77aa6c602b7?id_archivo=f02e8b1c-143d-4557-92fe-a77aa6c602b7&id_documento=bc308ce0-ff02-4071-9002-d859b1ca6405,ORDENES DE COMPRA,OCDIAGUITA,118,2025,UNLu,28/05/2025
ORDEN DE COMPRA,ORC : 118 / 2024,Autorizado,28/10/2024,EXP. 363/24 - ODC 118/24 - Bulecevich Iván,283,ORC_118_2024.pdf,,c9018f60-359f-4d17-a56d-3f9cb67b34c5,222dae31-2b76-4348-8add-496e13e25776,https://portal.unlu.edu.ar/sudocu/api/archivos/publico/c9018f60-359f-4d17-a56d-3f9cb67b34c5?id_archivo=c9018f60-359f-4d17-a56d-3f9cb67b34c5&id_documento=222dae31-2b76-4348-8add-496e13e25776,ORDENES DE COMPRA,ORC,118,2024,UNLu,28/10/2024
ORDEN DE COMPRA DIAGUITA,OCDIAGUITA : 117 / 2025,Autorizado,28/05/2025,EXP. 135/25 - ODC 117/25 - ALSINA WALTER LEONARDO,284,OCDIAGUITA_117_2025.pdf,,98595dbd-1793-4977-ad6f-b7aba615d9a9,e4d093d5-b70d-4b67-9ca0-0834a7d48c85,https://portal.unlu.edu.ar/sudocu/api/archivos/publico/98595dbd-1793-4977-ad6f-b7aba615d9a9?id_archivo=98595dbd-1793-4977-ad6f-b7aba615d9a9&id_documento=e4d093d5-b70d-4b67-9ca0-0834a7d48c85,ORDENES DE COMPRA,OCDIAGUITA,117,2025,UNLu,28/05/2025
ORDEN DE COMPRA,ORC : 117 / 2024,Autorizado,28/10/2024,EXP. 225/24 - ODC 117/24 - Driplan S.A.,285,ORC_117_2024.pdf,,0f650a48-ab78-4a31-bb15-088a31f70c7d,47b916b9-06a2-4210-9d3e-5564f928c12c,https://portal.unlu.edu.ar/sudocu/api/archivos/publico/0f650a48-ab78-4a31-bb15-088a31f70c7d?id_archivo=0f650a48-ab78-4a31-bb15-088a31f70c7d&id_documento=47b916b9-06a2-4210-9d3e-5564f928c12c,ORDENES DE COMPRA,ORC,117,2024,UNLu,28/10/2024
ORDEN DE COMPRA DIAGUITA,OCDIAGUITA : 116 / 2025,Autorizado,27/05/2025,EXP. 306/25 - ODC 116/25 - TINCERE S.R.L.,286,OCDIAGUITA_116_2025.pdf,,bfaa71c9-3fbe-40d7-a384-2cb7898d6129,374a9102-22c8-47d4-aee3-94883a49feba,https://portal.unlu.edu.ar/sudocu/api/archivos/publico/bfaa71c9-3fbe-40d7-a384-2cb7898d6129?id_archivo=bfaa71c9-3fbe-40d7-a384-2cb7898d6129&id_documento=374a9102-22c8-47d4-aee3-94883a49feba,ORDENES DE COMPRA,OCDIAGUITA,116,2025,UNLu,27/05/2025
ORDEN DE COMPRA,ORC : 116 / 2024,Autorizado,28/10/2024,EXP. 351/24 - ODC 116/24 - Carrere Mariano Nicolás y Carrere Agustina Ailen Soc Ley 19.550 Cap I,287,ORC_116_2024.pdf,,c4919bd2-174d-4934-8940-76bbf310dfa8,a84d5166-30cf-4041-84a3-0592593b8ec8,https://portal.unlu.edu.ar/sudocu/api/archivos/publico/c4919bd2-174d-4934-8940-76bbf310dfa8?id_archivo=c4919bd2-174d-4934-8940-76bbf310dfa8&id_documento=a84d5166-30cf-4041-84a3-0592593b8ec8,ORDENES DE COMPRA,ORC,116,2024,UNLu,28/10/2024
ORDEN DE COMPRA DIAGUITA,OCDIAGUITA : 115 / 2025,Autorizado,27/05/2025,EXP. 306/25 - ODC 115/25 - PEPE HUGO DANIEL,288,OCDIAGUITA_115_2025.pdf,,35d541b2-872a-496f-b5c0-f6f2d3ff0601,db33e51f-9e82-4028-97fb-b0aabd7f5fed,https://portal.unlu.edu.ar/sudocu/api/archivos/publico/35d541b2-872a-496f-b5c0-f6f2d3ff0601?id_archivo=35d541b2-872a-496f-b5c0-f6f2d3ff0601&id_documento=db33e51f-9e82-4028-97fb-b0aabd7f5fed,ORDENES DE COMPRA,OCDIAGUITA,115,2025,UNLu,27/05/2025
ORDEN DE COMPRA,ORC : 115 / 2024,Autorizado,28/10/2024,EXP. 351/24 - ODC 115/24 - Testa Alfredo Abel,289,ORC_115_2024.pdf,,ba5c3625-d763-4bf4-ae86-12506263378b,dac27b57-bbb2-46a9-9cdc-c45853292195,https://portal.unlu.edu.ar/sudocu/api/archivos/publico/ba5c3625-d763-4bf4-ae86-12506263378b?id_archivo=ba5c3625-d763-4bf4-ae86-12506263378b&id_documento=dac27b57-bbb2-46a9-9cdc-c45853292195,ORDENES DE COMPRA,ORC,115,2024,UNLu,28/10/2024
ORDEN DE COMPRA DIAGUITA,OCDIAGUITA : 114 / 2025,Autorizado,27/05/2025,EXP. 270/25 - ODC 114/25 - GIL WALTER PABLO,290,OCDIAGUITA_114_2025.pdf,,435ac3e4-b355-432c-bb7a-226d1c116563,1819b72a-0598-4a92-9e04-2defbbcc2592,https://portal.unlu.edu.ar/sudocu/api/archivos/publico/435ac3e4-b355-432c-bb7a-226d1c116563?id_archivo=435ac3e4-b355-432c-bb7a-226d1c116563&id_documento=1819b72a-0598-4a92-9e04-2defbbcc2592,ORDENES DE COMPRA,OCDIAGUITA,114,2025,UNLu,27/05/2025
ORDEN DE COMPRA,ORC : 114 / 2024,Autorizado,25/10/2024,EXP. 354/24 - ODC114/24 - Da Ronco Ricardo Omar,291,ORC_114_2024.pdf,,db64c3da-c06d-4db0-80f6-4fd983f616ba,c8a60024-ed4a-42ed-b524-c1e422a1fb4b,https://portal.unlu.edu.ar/sudocu/api/archivos/publico/db64c3da-c06d-4db0-80f6-4fd983f616ba?id_archivo=db64c3da-c06d-4db0-80f6-4fd983f616ba&id_documento=c8a60024-ed4a-42ed-b524-c1e422a1fb4b,ORDENES DE COMPRA,ORC,114,2024,UNLu,25/10/2024
ORDEN DE COMPRA DIAGUITA,OCDIAGUITA : 113 / 2025,Autorizado,22/05/2025,EXP. 326/25 - ODC 113/25 - ADC1823 SOCIEDAD POR ACCIONES SIMPLIFICADA,292,OCDIAGUITA_113_2025.pdf,,3725c4ee-1944-4c78-8029-61665a405cdd,86aa2b97-d8c0-492f-820a-d77231da4dad,https://portal.unlu.edu.ar/sudocu/api/archivos/publico/3725c4ee-1944-4c78-8029-61665a405cdd?id_archivo=3725c4ee-1944-4c78-8029-61665a405cdd&id_documento=86aa2b97-d8c0-492f-820a-d77231da4dad,ORDENES DE COMPRA,OCDIAGUITA,113,2025,UNLu,22/05/2025
ORDEN DE COMPRA,ORC : 113 / 2024,Autorizado,25/10/2024,EXP. 462/24 - ODC 113/24 - Noubar Parnakian S.A.,293,ORC_113_2024.pdf,,147c7586-8399-4f41-8f33-1ff67f52e528,4f3b1ed0-e533-4c75-b05d-6ef2bacce56a,https://portal.unlu.edu.ar/sudocu/api/archivos/publico/147c7586-8399-4f41-8f33-1ff67f52e528?id_archivo=147c7586-8399-4f41-8f33-1ff67f52e528&id_documento=4f3b1ed0-e533-4c75-b05d-6ef2bacce56a,ORDENES DE COMPRA,ORC,113,2024,UNLu,24/10/2024
ORDEN DE COMPRA DIAGUITA,OCDIAGUITA : 112 / 2025,Autorizado,22/05/2025,EXP. 331/25 - ODC 112/25 - ADUR JULIAN CAYETANO,294,OCDIAGUITA_112_2025.pdf,,9ab480de-4d4a-425a-b313-3e3dec2d92f0,8d480a7e-1467-459c-a1e2-c694404fad1e,https://portal.unlu.edu.ar/sudocu/api/archivos/publico/9ab480de-4d4a-425a-b313-3e3dec2d92f0?id_archivo=9ab480de-4d4a-425a-b313-3e3dec2d92f0&id_documento=8d480a7e-1467-459c-a1e2-c694404fad1e,ORDENES DE COMPRA,OCDIAGUITA,112,2025,UNLu,22/05/2025
ORDEN DE COMPRA,ORC : 112 / 2024,Autorizado,24/10/2024,EXP. 211/24 - ODC 112/24 - IRAM – Instituto Argentino de Normalización y Certificación,295,ORC_112_2024.pdf,,6cd157ac-f8db-4488-a31d-19bc7ee4a852,32fc69ef-da3b-452d-9bf6-1ecd3ba9b22f,https://portal.unlu.edu.ar/sudocu/api/archivos/publico/6cd157ac-f8db-4488-a31d-19bc7ee4a852?id_archivo=6cd157ac-f8db-4488-a31d-19bc7ee4a852&id_documento=32fc69ef-da3b-452d-9bf6-1ecd3ba9b22f,ORDENES DE COMPRA,ORC,112,2024,UNLu,23/10/2024
ORDEN DE COMPRA DIAGUITA,OCDIAGUITA : 111 / 2025,Autorizado,22/05/2025,EXP. 70/25 - ODC 111/25 - SOLUCIONES TECNICAS GENERALES S.R.L.,296,OCDIAGUITA_111_2025.pdf,,36115ca2-d547-4aa5-8b66-56c3cde4593a,375ac9a0-52b2-48e0-ac47-1c57ed0779a7,https://portal.unlu.edu.ar/sudocu/api/archivos/publico/36115ca2-d547-4aa5-8b66-56c3cde4593a?id_archivo=36115ca2-d547-4aa5-8b66-56c3cde4593a&id_documento=375ac9a0-52b2-48e0-ac47-1c57ed0779a7,ORDENES DE COMPRA,OCDIAGUITA,111,2025,UNLu,22/05/2025
ORDEN DE COMPRA,ORC : 111 / 2024,Autorizado,23/10/2024,EXP. 529/24 - ODC 111/24 - Torres Mauro Javier,297,ORC_111_2024.pdf,,e81ed1e1-e412-457c-a7d7-d4803f766dac,0d98efd6-93f1-48a4-8245-97ed76e3ee7e,https://portal.unlu.edu.ar/sudocu/api/archivos/publico/e81ed1e1-e412-457c-a7d7-d4803f766dac?id_archivo=e81ed1e1-e412-457c-a7d7-d4803f766dac&id_documento=0d98efd6-93f1-48a4-8245-97ed76e3ee7e,ORDENES DE COMPRA,ORC,111,2024,UNLu,23/10/2024
ORDEN DE COMPRA DIAGUITA,OCDIAGUITA : 110 / 2025,Autorizado,21/05/2025,EXP. 190/25 - ODC 110/25 - LARRABURU CARLOS EDUARDO,298,OCDIAGUITA_110_2025.pdf,,2b0bc833-e4d6-48a5-a1f1-e882dee7755f,2aa8c7c2-f433-4014-b3a3-6affcd2d7e16,https://portal.unlu.edu.ar/sudocu/api/archivos/publico/2b0bc833-e4d6-48a5-a1f1-e882dee7755f?id_archivo=2b0bc833-e4d6-48a5-a1f1-e882dee7755f&id_documento=2aa8c7c2-f433-4014-b3a3-6affcd2d7e16,ORDENES DE COMPRA,OCDIAGUITA,110,2025,UNLu,21/05/2025
ORDEN DE COMPRA,ORC : 110 / 2024,Autorizado,23/10/2024,EXP. 107/24 - ODC 110/24 - Mendiburo Nestor Daniel,299,ORC_110_2024.pdf,,e6ad2b2a-a203-452b-a53f-1d34b91be066,bde35780-a3fa-4c34-b812-ee7f5539a26e,https://portal.unlu.edu.ar/sudocu/api/archivos/publico/e6ad2b2a-a203-452b-a53f-1d34b91be066?id_archivo=e6ad2b2a-a203-452b-a53f-1d34b91be066&id_documento=bde35780-a3fa-4c34-b812-ee7f5539a26e,ORDENES DE COMPRA,ORC,110,2024,UNLu,23/10/2024
ORDEN DE COMPRA DIAGUITA,OCDIAGUITA : 109 / 2025,Autorizado,20/05/2025,EXP LUJ Nº 316/225 - ORDEN DE COMPRA 109/25,300,OCDIAGUITA_109_2025.pdf,,4583a549-9207-4eae-894a-68e3e11f5745,cc5a494c-f087-4c3e-abce-628c0e610675,https://portal.unlu.edu.ar/sudocu/api/archivos/publico/4583a549-9207-4eae-894a-68e3e11f5745?id_archivo=4583a549-9207-4eae-894a-68e3e11f5745&id_documento=cc5a494c-f087-4c3e-abce-628c0e610675,ORDENES DE COMPRA,OCDIAGUITA,109,2025,UNLu,20/05/2025
ORDEN DE COMPRA,ORC : 109 / 2024,Autorizado,18/10/2024,EXP. 268/24 - ODC 109/24 - SILVERA HNOS SRL,301,ORC_109_2024.pdf,,c550fc5e-df7f-4369-bf40-267707f3b8c1,71ad29b3-30e3-4cae-bd6d-02edf62cda9b,https://portal.unlu.edu.ar/sudocu/api/archivos/publico/c550fc5e-df7f-4369-bf40-267707f3b8c1?id_archivo=c550fc5e-df7f-4369-bf40-267707f3b8c1&id_documento=71ad29b3-30e3-4cae-bd6d-02edf62cda9b,ORDENES DE COMPRA,ORC,109,2024,UNLu,18/10/2024
ORDEN DE COMPRA DIAGUITA,OCDIAGUITA : 108 / 2025,Autorizado,20/05/2025,EXP 1/2025 ORDEN DE COMPRA DIAGUITA 108/2025,302,OCDIAGUITA_108_2025.pdf,,d0ef678e-7544-45f4-b53f-f81e4a573771,60a20edd-7df7-4f52-bc02-02f7d0d4488b,https://portal.unlu.edu.ar/sudocu/api/archivos/publico/d0ef678e-7544-45f4-b53f-f81e4a573771?id_archivo=d0ef678e-7544-45f4-b53f-f81e4a573771&id_documento=60a20edd-7df7-4f52-bc02-02f7d0d4488b,ORDENES DE COMPRA,OCDIAGUITA,108,2025,UNLu,20/05/2025
ORDEN DE COMPRA,ORC : 108 / 2024,Autorizado,23/10/2024,EXP.227/24 - ODC Nº 108/24 - RENTAPLAST SA,303,ORC_108_2024.pdf,,a933247c-3a15-418f-9c0a-bc3f058d9651,1aee7de7-0160-4728-b3b8-09b9a987ca97,https://portal.unlu.edu.ar/sudocu/api/archivos/publico/a933247c-3a15-418f-9c0a-bc3f058d9651?id_archivo=a933247c-3a15-418f-9c0a-bc3f058d9651&id_documento=1aee7de7-0160-4728-b3b8-09b9a987ca97,ORDENES DE COMPRA,ORC,108,2024,UNLu,18/10/2024
ORDEN DE COMPRA DIAGUITA,OCDIAGUITA : 107 / 2025,Autorizado,13/05/2025,EXP. 55/25 - ODC 107/25 - BUENOS AIRES LPS S.R.L.,304,OCDIAGUITA_107_2025.pdf,,99e6e329-57b5-4d6d-a2b0-1889ba6973d6,59f28044-bca3-4777-a459-917ac602ea1b,https://portal.unlu.edu.ar/sudocu/api/archivos/publico/99e6e329-57b5-4d6d-a2b0-1889ba6973d6?id_archivo=99e6e329-57b5-4d6d-a2b0-1889ba6973d6&id_documento=59f28044-bca3-4777-a459-917ac602ea1b,ORDENES DE COMPRA,OCDIAGUITA,107,2025,UNLu,13/05/2025
ORDEN DE COMPRA,ORC : 107 / 2024,Autorizado,23/10/2024,EXP. 243/24 - ODC 107/24 - Bioartis S.R.L.,305,ORC_107_2024.pdf,,f90932ff-be19-4a17-8856-ef6c43e66a0d,360388a4-7457-4ee0-a414-2f0e3f30e91e,https://portal.unlu.edu.ar/sudocu/api/archivos/publico/f90932ff-be19-4a17-8856-ef6c43e66a0d?id_archivo=f90932ff-be19-4a17-8856-ef6c43e66a0d&id_documento=360388a4-7457-4ee0-a414-2f0e3f30e91e,ORDENES DE COMPRA,ORC,107,2024,UNLu,18/10/2024
ORDEN DE COMPRA DIAGUITA,OCDIAGUITA : 106 / 2025,Autorizado,13/05/2025,EXP. 269/25 - ODC 106/25 - INTELEKTRON S.A.,306,OCDIAGUITA_106_2025.pdf,,72e1c6d7-b148-4b70-a570-81cd6c756c01,d7f1e5d2-fc12-4662-9709-dcca79fe1fd2,https://portal.unlu.edu.ar/sudocu/api/archivos/publico/72e1c6d7-b148-4b70-a570-81cd6c756c01?id_archivo=72e1c6d7-b148-4b70-a570-81cd6c756c01&id_documento=d7f1e5d2-fc12-4662-9709-dcca79fe1fd2,ORDENES DE COMPRA,OCDIAGUITA,106,2025,UNLu,12/05/2025
ORDEN DE COMPRA,ORC : 106 / 2024,Autorizado,23/10/2024,EXP. 300/24 - ODC 106/24 - Lewkowicz José Francisco,307,ORC_106_2024.pdf,,7dd4bf34-099a-45a8-903c-85bddc6bbb27,2a7727f9-bb84-4ec0-8ca9-942c2a3af37d,https://portal.unlu.edu.ar/sudocu/api/archivos/publico/7dd4bf34-099a-45a8-903c-85bddc6bbb27?id_archivo=7dd4bf34-099a-45a8-903c-85bddc6bbb27&id_documento=2a7727f9-bb84-4ec0-8ca9-942c2a3af37d,ORDENES DE COMPRA,ORC,106,2024,UNLu,18/10/2024
ORDEN DE COMPRA DIAGUITA,OCDIAGUITA : 105 / 2025,Autorizado,23/04/2025,EXP. 144/25 - ODC 105/25 - DA RONCO RICARDO OMAR,308,OCDIAGUITA_105_2025.pdf,,e21c7133-044c-456e-b65b-03f35c5351b2,be11ffa3-5033-49a1-b1b9-a6d068c571f1,https://portal.unlu.edu.ar/sudocu/api/archivos/publico/e21c7133-044c-456e-b65b-03f35c5351b2?id_archivo=e21c7133-044c-456e-b65b-03f35c5351b2&id_documento=be11ffa3-5033-49a1-b1b9-a6d068c571f1,ORDENES DE COMPRA,OCDIAGUITA,105,2025,UNLu,23/04/2025
ORDEN DE COMPRA,ORC : 105 / 2024,Autorizado,16/10/2024,EXP. 458/24 - ODC 105/24 - Bulecevich Iván,309,ORC_105_2024.pdf,,47c6d5d1-ff09-4e64-8e3e-d2b084e4b941,78d02ce6-7864-4a12-a7ee-cb5bb59e02c1,https://portal.unlu.edu.ar/sudocu/api/archivos/publico/47c6d5d1-ff09-4e64-8e3e-d2b084e4b941?id_archivo=47c6d5d1-ff09-4e64-8e3e-d2b084e4b941&id_documento=78d02ce6-7864-4a12-a7ee-cb5bb59e02c1,ORDENES DE COMPRA,ORC,105,2024,UNLu,15/10/2024
ORDEN DE COMPRA DIAGUITA,OCDIAGUITA : 104 / 2025,Autorizado,22/04/2025,EXP. 146/25 - ODC 104/25 - DISTRIBUIDORA JUANCO S.R.L.,310,OCDIAGUITA_104_2025.pdf,,21efaad7-652b-41f5-bd62-f9a8d92df108,189ca6be-a992-4578-ab1d-a8540cc71511,https://portal.unlu.edu.ar/sudocu/api/archivos/publico/21efaad7-652b-41f5-bd62-f9a8d92df108?id_archivo=21efaad7-652b-41f5-bd62-f9a8d92df108&id_documento=189ca6be-a992-4578-ab1d-a8540cc71511,ORDENES DE COMPRA,OCDIAGUITA,104,2025,UNLu,22/04/2025
ORDEN DE COMPRA,ORC : 104 / 2024,Autorizado,16/10/2024,EXP. 458/24 - ODC 104/24 - Diamond System S.A.,311,ORC_104_2024.pdf,,50c909f5-5553-4893-991c-c3e7e345a37c,ef292bbf-50c2-4182-a958-7ff60157a8a0,https://portal.unlu.edu.ar/sudocu/api/archivos/publico/50c909f5-5553-4893-991c-c3e7e345a37c?id_archivo=50c909f5-5553-4893-991c-c3e7e345a37c&id_documento=ef292bbf-50c2-4182-a958-7ff60157a8a0,ORDENES DE COMPRA,ORC,104,2024,UNLu,15/10/2024
ORDEN DE COMPRA DIAGUITA,OCDIAGUITA : 103 / 2025,Autorizado,21/04/2025,EXP. 135/25 - ODC 103/25 - ALSINA WALTER LEONARDO,312,OCDIAGUITA_103_2025.pdf,,a9010c2a-515d-4d49-9ddd-27ab6dcf8a9b,6e202573-0699-48a1-a1b6-b5eb733dc425,https://portal.unlu.edu.ar/sudocu/api/archivos/publico/a9010c2a-515d-4d49-9ddd-27ab6dcf8a9b?id_archivo=a9010c2a-515d-4d49-9ddd-27ab6dcf8a9b&id_documento=6e202573-0699-48a1-a1b6-b5eb733dc425,ORDENES DE COMPRA,OCDIAGUITA,103,2025,UNLu,21/04/2025
ORDEN DE COMPRA,ORC : 103 / 2024,Autorizado,15/10/2024,EXP. 196/24 - ODC 103/24 - Maderas El Alemán de Genral Rodríguez S.R.L.,313,ORC_103_2024.pdf,,30e62ba0-d37f-4b21-8a44-39cd749a1f68,2c599d83-4cda-4bb6-ae74-39b3e758f34f,https://portal.unlu.edu.ar/sudocu/api/archivos/publico/30e62ba0-d37f-4b21-8a44-39cd749a1f68?id_archivo=30e62ba0-d37f-4b21-8a44-39cd749a1f68&id_documento=2c599d83-4cda-4bb6-ae74-39b3e758f34f,ORDENES DE COMPRA,ORC,103,2024,UNLu,15/10/2024
ORDEN DE COMPRA DIAGUITA,OCDIAGUITA : 102 / 2025,Autorizado,21/04/2025,EXP. 135/25 - ODC 102/25 - BENITEZ ANDREA VIVIANA,314,OCDIAGUITA_102_2025.pdf,,c82e2d3f-ac10-479d-b5fc-4ed0713e5e1d,0e6d8bb0-69fd-4c87-8349-519a2f26b5c7,https://portal.unlu.edu.ar/sudocu/api/archivos/publico/c82e2d3f-ac10-479d-b5fc-4ed0713e5e1d?id_archivo=c82e2d3f-ac10-479d-b5fc-4ed0713e5e1d&id_documento=0e6d8bb0-69fd-4c87-8349-519a2f26b5c7,ORDENES DE COMPRA,OCDIAGUITA,102,2025,UNLu,21/04/2025
ORDEN DE COMPRA,ORC : 102 / 2024,Autorizado,08/10/2024,EXP. 1167/23 - ODC 102/24 -  El Cacique Limpieza S.R.L.,315,ORC_102_2024.pdf,,0b69320b-5b2f-4380-88bc-d8a40a8d5f62,7b86cad6-4625-4f1b-934a-af6094af7c71,https://portal.unlu.edu.ar/sudocu/api/archivos/publico/0b69320b-5b2f-4380-88bc-d8a40a8d5f62?id_archivo=0b69320b-5b2f-4380-88bc-d8a40a8d5f62&id_documento=7b86cad6-4625-4f1b-934a-af6094af7c71,ORDENES DE COMPRA,ORC,102,2024,UNLu,07/10/2024
ORDEN DE COMPRA DIAGUITA,OCDIAGUITA : 101 / 2025,Autorizado,21/04/2025,EXP. 65/25 - ODC 101 - LA RESMA DEL NORTE S.A.,316,OCDIAGUITA_101_2025.pdf,,0e3eea44-2c05-4312-ab6d-abc65250871c,85a292c7-2ca0-4d1d-a28f-8f225598a257,https://portal.unlu.edu.ar/sudocu/api/archivos/publico/0e3eea44-2c05-4312-ab6d-abc65250871c?id_archivo=0e3eea44-2c05-4312-ab6d-abc65250871c&id_documento=85a292c7-2ca0-4d1d-a28f-8f225598a257,ORDENES DE COMPRA,OCDIAGUITA,101,2025,UNLu,21/04/2025
ORDEN DE COMPRA,ORC : 101 / 2024,Autorizado,07/10/2024,EXP. 26/24 - ODC 101/24 - Research AG S.A.,317,ORC_101_2024.pdf,,6f32fc35-bde2-44bb-8034-63a1fb47ef30,13357546-fc99-4e0c-9324-e31c6300cbbf,https://portal.unlu.edu.ar/sudocu/api/archivos/publico/6f32fc35-bde2-44bb-8034-63a1fb47ef30?id_archivo=6f32fc35-bde2-44bb-8034-63a1fb47ef30&id_documento=13357546-fc99-4e0c-9324-e31c6300cbbf,ORDENES DE COMPRA,ORC,101,2024,UNLu,07/10/2024
ORDEN DE COMPRA DIAGUITA,OCDIAGUITA : 100 / 2026,Autorizado,17/07/2026,1663/2026 ORDEN DE COMPRA : AGROMOLL TODO CAMPO S.R.L,318,OCDIAGUITA_100_2026.pdf,,8f60e9b2-43d7-40c8-bd78-839a8c4a177c,898438c8-8319-4a9e-8156-30f5d373642e,https://portal.unlu.edu.ar/sudocu/api/archivos/publico/8f60e9b2-43d7-40c8-bd78-839a8c4a177c?id_archivo=8f60e9b2-43d7-40c8-bd78-839a8c4a177c&id_documento=898438c8-8319-4a9e-8156-30f5d373642e,ORDENES DE COMPRA,OCDIAGUITA,100,2026,UNLu,17/07/2026
ORDEN DE COMPRA DIAGUITA,OCDIAGUITA : 100 / 2025,Autorizado,21/04/2025,EXP. 145/25 - ODC 100/25 - ERREDE S.R.L.,319,OCDIAGUITA_100_2025.pdf,,1274967e-3786-4860-9434-545af4a05535,86b82550-8587-4f5b-9cd7-737fb183859d,https://portal.unlu.edu.ar/sudocu/api/archivos/publico/1274967e-3786-4860-9434-545af4a05535?id_archivo=1274967e-3786-4860-9434-545af4a05535&id_documento=86b82550-8587-4f5b-9cd7-737fb183859d,ORDENES DE COMPRA,OCDIAGUITA,100,2025,UNLu,21/04/2025
ORDEN DE COMPRA,ORC : 100 / 2024,Autorizado,09/10/2024,EXP. 235/24 - ODC 100/24 -  Pereyra Schuth Ezequiel Martin,320,ORC_100_2024.pdf,,4946b650-5c31-423a-8565-817e7961dae5,a59da1df-dc8c-4104-9f2e-b7028fa5c47c,https://portal.unlu.edu.ar/sudocu/api/archivos/publico/4946b650-5c31-423a-8565-817e7961dae5?id_archivo=4946b650-5c31-423a-8565-817e7961dae5&id_documento=a59da1df-dc8c-4104-9f2e-b7028fa5c47c,ORDENES DE COMPRA,ORC,100,2024,UNLu,03/10/2024
ORDEN DE COMPRA DIAGUITA,OCDIAGUITA : 99 / 2026,Autorizado,17/07/2026,EXP LUJ Nº 2604/26 . ORDEN DE COMPRA Nº 99/26  REFRIGERACION OMAR S.R.L,321,OCDIAGUITA_99_2026.pdf,,cd92ff5b-b6fd-46e2-85ba-8165604eb7c1,c6cd9802-7cee-4e7a-b033-a208b89d4af6,https://portal.unlu.edu.ar/sudocu/api/archivos/publico/cd92ff5b-b6fd-46e2-85ba-8165604eb7c1?id_archivo=cd92ff5b-b6fd-46e2-85ba-8165604eb7c1&id_documento=c6cd9802-7cee-4e7a-b033-a208b89d4af6,ORDENES DE COMPRA,OCDIAGUITA,99,2026,UNLu,17/07/2026
ORDEN DE COMPRA,ORC : 99 / 2024,Autorizado,03/10/2024,EXP. 296/24 - ODC 099/24 - Máximo Bauducco S.A.C.I.F.E.I.,322,ORC_99_2024.pdf,,a506f961-da85-4ba0-aee6-1371f1859423,452e43ad-d75b-4e13-b186-b4afcfacf270,https://portal.unlu.edu.ar/sudocu/api/archivos/publico/a506f961-da85-4ba0-aee6-1371f1859423?id_archivo=a506f961-da85-4ba0-aee6-1371f1859423&id_documento=452e43ad-d75b-4e13-b186-b4afcfacf270,ORDENES DE COMPRA,ORC,99,2024,UNLu,02/10/2024
ORDEN DE COMPRA DIAGUITA,OCDIAGUITA : 98 / 2026,Autorizado,14/07/2026,EXP. 1446/26 - ODC 98/26 - MENDIBURO NESTOR DANIEL,323,OCDIAGUITA_98_2026.pdf,,8b6c14cb-ca09-4705-8971-03bf93a96bcb,b40340f4-a943-4d21-8502-212384aab462,https://portal.unlu.edu.ar/sudocu/api/archivos/publico/8b6c14cb-ca09-4705-8971-03bf93a96bcb?id_archivo=8b6c14cb-ca09-4705-8971-03bf93a96bcb&id_documento=b40340f4-a943-4d21-8502-212384aab462,ORDENES DE COMPRA,OCDIAGUITA,98,2026,UNLu,14/07/2026
ORDEN DE COMPRA,ORC : 98 / 2024,Autorizado,03/10/2024,EXP-LUJ Nº 1115/23. ORDEN DE COMPRA - DEHNER S.R.L,324,ORC_98_2024.pdf,,1777c409-f5c9-4bd8-9af0-a0fdf6e07838,1ef45052-58ac-4bdf-a628-f313277501eb,https://portal.unlu.edu.ar/sudocu/api/archivos/publico/1777c409-f5c9-4bd8-9af0-a0fdf6e07838?id_archivo=1777c409-f5c9-4bd8-9af0-a0fdf6e07838&id_documento=1ef45052-58ac-4bdf-a628-f313277501eb,ORDENES DE COMPRA,ORC,98,2024,UNLu,01/10/2024
ORDEN DE COMPRA DIAGUITA,OCDIAGUITA : 97 / 2026,Autorizado,14/07/2026,EXP. 1580/26 - ODC 97/26 - CIA. ENTRERRIANA DE RODAMIENTOS S.A.,325,OCDIAGUITA_97_2026.pdf,,03bbc44c-e800-43e2-ae8c-1c6f6ebd2008,91f4f01e-5f56-4138-8443-389c31e9fdb8,https://portal.unlu.edu.ar/sudocu/api/archivos/publico/03bbc44c-e800-43e2-ae8c-1c6f6ebd2008?id_archivo=03bbc44c-e800-43e2-ae8c-1c6f6ebd2008&id_documento=91f4f01e-5f56-4138-8443-389c31e9fdb8,ORDENES DE COMPRA,OCDIAGUITA,97,2026,UNLu,14/07/2026
ORDEN DE COMPRA,ORC : 97 / 2024,Autorizado,27/09/2024,097/24 - 572/23 - ODC NESTOR CUSANO,326,ORC_97_2024.pdf,,356e7319-f8ee-4800-86eb-04f551d3b427,01d9bc60-4b0e-4983-8138-269efef2cc03,https://portal.unlu.edu.ar/sudocu/api/archivos/publico/356e7319-f8ee-4800-86eb-04f551d3b427?id_archivo=356e7319-f8ee-4800-86eb-04f551d3b427&id_documento=01d9bc60-4b0e-4983-8138-269efef2cc03,ORDENES DE COMPRA,ORC,97,2024,UNLu,27/09/2024
ORDEN DE COMPRA DIAGUITA,OCDIAGUITA : 96 / 2026,Autorizado,14/07/2026,EXP. 107/26 - ODC 96/26 - GRIPPO LUCIANA CARLA,327,OCDIAGUITA_96_2026.pdf,,c19de2e5-62b5-4a09-8233-f1722722b33a,71d448bf-3e3a-421e-a40b-5f90e70c29e8,https://portal.unlu.edu.ar/sudocu/api/archivos/publico/c19de2e5-62b5-4a09-8233-f1722722b33a?id_archivo=c19de2e5-62b5-4a09-8233-f1722722b33a&id_documento=71d448bf-3e3a-421e-a40b-5f90e70c29e8,ORDENES DE COMPRA,OCDIAGUITA,96,2026,UNLu,14/07/2026
ORDEN DE COMPRA,ORC : 96 / 2024,Autorizado,23/09/2024,EXP. 1567/23 - ODC 096/24 - Peñoñori Enrique Joaquín,328,ORC_96_2024.pdf,,06f769a4-ca40-49ee-9d61-e1206772525b,58960888-e670-4a68-aaf7-60549c3aed99,https://portal.unlu.edu.ar/sudocu/api/archivos/publico/06f769a4-ca40-49ee-9d61-e1206772525b?id_archivo=06f769a4-ca40-49ee-9d61-e1206772525b&id_documento=58960888-e670-4a68-aaf7-60549c3aed99,ORDENES DE COMPRA,ORC,96,2024,UNLu,18/09/2024
ORDEN DE COMPRA DIAGUITA,OCDIAGUITA : 95 / 2026,Autorizado,13/07/2026,EXP. 1303/26 - ODC 95/26 - ARSAC LOGIC SOLUCION S.A.,329,OCDIAGUITA_95_2026.pdf,,25efe800-2273-4a2d-bbed-96d20fd0d490,e204e893-3e66-4478-8b1c-e8bc77fdc978,https://portal.unlu.edu.ar/sudocu/api/archivos/publico/25efe800-2273-4a2d-bbed-96d20fd0d490?id_archivo=25efe800-2273-4a2d-bbed-96d20fd0d490&id_documento=e204e893-3e66-4478-8b1c-e8bc77fdc978,ORDENES DE COMPRA,OCDIAGUITA,95,2026,UNLu,13/07/2026
ORDEN DE COMPRA,ORC : 95 / 2024,Autorizado,19/09/2024,EXP. 132/24 - ODC 095/24 - Nisamat Group S.A.,330,ORC_95_2024.pdf,,5bb7571a-267b-4801-bfe0-3273ef558c99,a5d70b83-a8c2-41ba-b7b3-1ec6fcd1f1b5,https://portal.unlu.edu.ar/sudocu/api/archivos/publico/5bb7571a-267b-4801-bfe0-3273ef558c99?id_archivo=5bb7571a-267b-4801-bfe0-3273ef558c99&id_documento=a5d70b83-a8c2-41ba-b7b3-1ec6fcd1f1b5,ORDENES DE COMPRA,ORC,95,2024,UNLu,17/09/2024
ORDEN DE COMPRA DIAGUITA,OCDIAGUITA : 94 / 2026,Autorizado,06/07/2026,EXP. 1486/26 - ODC 94/26 - CHARITO S.R.L.,331,OCDIAGUITA_94_2026.pdf,,624a5437-be2f-4d3e-a85f-df50dbe5a971,6d667fb7-8573-40f6-bb60-57902952dea3,https://portal.unlu.edu.ar/sudocu/api/archivos/publico/624a5437-be2f-4d3e-a85f-df50dbe5a971?id_archivo=624a5437-be2f-4d3e-a85f-df50dbe5a971&id_documento=6d667fb7-8573-40f6-bb60-57902952dea3,ORDENES DE COMPRA,OCDIAGUITA,94,2026,UNLu,06/07/2026
ORDEN DE COMPRA,ORC : 94 / 2024,Autorizado,19/09/2024,EXP. 132/24 - ODC 094/24 - Bértola Carlos Javier,332,ORC_94_2024.pdf,,9c7d9417-0520-425c-bd3a-76f0497506ca,0267d406-2ce2-46c6-ab48-196c9a2f55a1,https://portal.unlu.edu.ar/sudocu/api/archivos/publico/9c7d9417-0520-425c-bd3a-76f0497506ca?id_archivo=9c7d9417-0520-425c-bd3a-76f0497506ca&id_documento=0267d406-2ce2-46c6-ab48-196c9a2f55a1,ORDENES DE COMPRA,ORC,94,2024,UNLu,17/09/2024
ORDEN DE COMPRA DIAGUITA,OCDIAGUITA : 93 / 2026,Autorizado,06/07/2026,EXP. 1486/26 - ODC 93/26 - CASA AMBIELA S. CAP I SECC IV,333,OCDIAGUITA_93_2026.pdf,,8ec56e92-9263-452f-bc48-c1633c1c9ade,2982de98-590e-43f3-80a8-6f1924b6c365,https://portal.unlu.edu.ar/sudocu/api/archivos/publico/8ec56e92-9263-452f-bc48-c1633c1c9ade?id_archivo=8ec56e92-9263-452f-bc48-c1633c1c9ade&id_documento=2982de98-590e-43f3-80a8-6f1924b6c365,ORDENES DE COMPRA,OCDIAGUITA,93,2026,UNLu,06/07/2026
ORDEN DE COMPRA,ORC : 93 / 2024,Autorizado,19/09/2024,EXP. 132/24 - ODC 093/24 - Soluciones Técnicas Generales S.R.L,334,ORC_93_2024.pdf,,8d29cb94-ef0f-4c2a-ad02-c928d362c256,f24537d6-011c-4afa-9bbb-b21f417a99b9,https://portal.unlu.edu.ar/sudocu/api/archivos/publico/8d29cb94-ef0f-4c2a-ad02-c928d362c256?id_archivo=8d29cb94-ef0f-4c2a-ad02-c928d362c256&id_documento=f24537d6-011c-4afa-9bbb-b21f417a99b9,ORDENES DE COMPRA,ORC,93,2024,UNLu,17/09/2024
ORDEN DE COMPRA DIAGUITA,OCDIAGUITA : 92 / 2026,Autorizado,06/07/2026,EXP. 1415/26 - ODC 92/26 - PEREZ VICTOR MAXIMILIANO,335,OCDIAGUITA_92_2026.pdf,,6e2fafc9-c968-4ead-bad2-88888fcc1145,dd7d04a4-94dc-48b4-8c8f-fb53a8460286,https://portal.unlu.edu.ar/sudocu/api/archivos/publico/6e2fafc9-c968-4ead-bad2-88888fcc1145?id_archivo=6e2fafc9-c968-4ead-bad2-88888fcc1145&id_documento=dd7d04a4-94dc-48b4-8c8f-fb53a8460286,ORDENES DE COMPRA,OCDIAGUITA,92,2026,UNLu,06/07/2026
ORDEN DE COMPRA,ORC : 92 / 2024,Autorizado,16/09/2024,EXP. 551/23 - ODC 092/24 - RC Radiología Castelar S.R.L.,336,ORC_92_2024.pdf,,85956139-6eec-457d-9700-d39619cdf5f6,33772af7-5bcf-48ad-bea8-fd9d831d623f,https://portal.unlu.edu.ar/sudocu/api/archivos/publico/85956139-6eec-457d-9700-d39619cdf5f6?id_archivo=85956139-6eec-457d-9700-d39619cdf5f6&id_documento=33772af7-5bcf-48ad-bea8-fd9d831d623f,ORDENES DE COMPRA,ORC,92,2024,UNLu,16/09/2024
ORDEN DE COMPRA DIAGUITA,OCDIAGUITA : 91 / 2026,Autorizado,06/07/2026,EXP. 1415/26 - ODC 91/26 - DI TORO HNOS. S.A.,337,OCDIAGUITA_91_2026.pdf,,6129236a-6abb-438d-af9a-2241f2db4c5b,e725b81f-2400-421f-97c1-9ea592317c77,https://portal.unlu.edu.ar/sudocu/api/archivos/publico/6129236a-6abb-438d-af9a-2241f2db4c5b?id_archivo=6129236a-6abb-438d-af9a-2241f2db4c5b&id_documento=e725b81f-2400-421f-97c1-9ea592317c77,ORDENES DE COMPRA,OCDIAGUITA,91,2026,UNLu,06/07/2026
ORDEN DE COMPRA,ORC : 91 / 2024,Autorizado,16/09/2024,EXP. 267/24 - ODC 091/24 - Da Ronco Ricardo Omar,338,ORC_91_2024.pdf,,cbda3a76-02d1-4a18-820f-3237ab70188a,f9b9e6fa-70ff-4950-88b6-f8b77c7bfb62,https://portal.unlu.edu.ar/sudocu/api/archivos/publico/cbda3a76-02d1-4a18-820f-3237ab70188a?id_archivo=cbda3a76-02d1-4a18-820f-3237ab70188a&id_documento=f9b9e6fa-70ff-4950-88b6-f8b77c7bfb62,ORDENES DE COMPRA,ORC,91,2024,UNLu,13/09/2024
ORDEN DE COMPRA DIAGUITA,OCDIAGUITA : 90 / 2026,Autorizado,06/07/2026,EXP. 1415/26 - ODC 90/26 - COLORES PRIMARIOS UNO S.R.L.,339,OCDIAGUITA_90_2026.pdf,,3e39c38e-29c2-4afd-b648-87ff93ccde51,2ee944d3-2bb4-4b9e-9f7a-97afb2e181f9,https://portal.unlu.edu.ar/sudocu/api/archivos/publico/3e39c38e-29c2-4afd-b648-87ff93ccde51?id_archivo=3e39c38e-29c2-4afd-b648-87ff93ccde51&id_documento=2ee944d3-2bb4-4b9e-9f7a-97afb2e181f9,ORDENES DE COMPRA,OCDIAGUITA,90,2026,UNLu,06/07/2026
ORDEN DE COMPRA,ORC : 90 / 2024,Autorizado,16/09/2024,EXP. 89/24 - ODC 090/24 - Demedici Ines Rosa,340,ORC_90_2024.pdf,,215a4e0e-a1ab-4e2b-b3ae-c107f7a141dd,c5188f18-c7af-4d5d-9c83-6717763b6210,https://portal.unlu.edu.ar/sudocu/api/archivos/publico/215a4e0e-a1ab-4e2b-b3ae-c107f7a141dd?id_archivo=215a4e0e-a1ab-4e2b-b3ae-c107f7a141dd&id_documento=c5188f18-c7af-4d5d-9c83-6717763b6210,ORDENES DE COMPRA,ORC,90,2024,UNLu,13/09/2024
ORDEN DE COMPRA DIAGUITA,OCDIAGUITA : 89 / 2026,Autorizado,06/07/2026,EXP. 1415/26 - ODC 89/26 - BLANCO JOSE MARIA,341,OCDIAGUITA_89_2026.pdf,,32a170e0-91bc-43b2-b310-93c513095776,6e10e3df-f4e7-43fd-a666-4481df9b0f87,https://portal.unlu.edu.ar/sudocu/api/archivos/publico/32a170e0-91bc-43b2-b310-93c513095776?id_archivo=32a170e0-91bc-43b2-b310-93c513095776&id_documento=6e10e3df-f4e7-43fd-a666-4481df9b0f87,ORDENES DE COMPRA,OCDIAGUITA,89,2026,UNLu,06/07/2026
ORDEN DE COMPRA,ORC : 89 / 2024,Autorizado,13/09/2024,EXP. 1465/13 - ODC 089/24 - ERREPAR S.A.,342,ORC_89_2024.pdf,,51e33158-6988-46af-bb3c-1e2cb1d1ad2a,e1181b0b-9db4-4bfb-9f57-0ddb0e4af76e,https://portal.unlu.edu.ar/sudocu/api/archivos/publico/51e33158-6988-46af-bb3c-1e2cb1d1ad2a?id_archivo=51e33158-6988-46af-bb3c-1e2cb1d1ad2a&id_documento=e1181b0b-9db4-4bfb-9f57-0ddb0e4af76e,ORDENES DE COMPRA,ORC,89,2024,UNLu,12/09/2024
ORDEN DE COMPRA DIAGUITA,OCDIAGUITA : 88 / 2026,Autorizado,06/07/2026,EXP. 1415/26 - ODC 88/26 - PISANO S.A.,343,OCDIAGUITA_88_2026.pdf,,ed315f94-0969-49e6-a005-19910ed6cf70,d103fcbb-94c4-41f2-b519-f6f0c158d0e6,https://portal.unlu.edu.ar/sudocu/api/archivos/publico/ed315f94-0969-49e6-a005-19910ed6cf70?id_archivo=ed315f94-0969-49e6-a005-19910ed6cf70&id_documento=d103fcbb-94c4-41f2-b519-f6f0c158d0e6,ORDENES DE COMPRA,OCDIAGUITA,88,2026,UNLu,06/07/2026
ORDEN DE COMPRA,ORC : 88 / 2024,Autorizado,12/09/2024,EXP. 1611/23 - ODC 088/24 - Gago Marta Emilia,344,ORC_88_2024.pdf,,84ca2439-f1d9-4575-9f0a-d8cddd2b251b,3f841cea-406e-40cb-a562-3154a7373ba5,https://portal.unlu.edu.ar/sudocu/api/archivos/publico/84ca2439-f1d9-4575-9f0a-d8cddd2b251b?id_archivo=84ca2439-f1d9-4575-9f0a-d8cddd2b251b&id_documento=3f841cea-406e-40cb-a562-3154a7373ba5,ORDENES DE COMPRA,ORC,88,2024,UNLu,12/09/2024
ORDEN DE COMPRA DIAGUITA,OCDIAGUITA : 87 / 2026,Autorizado,02/07/2026,EXP. 1299/26 - ODC 87/26 - NISAMAT GROUP S.A.,345,OCDIAGUITA_87_2026.pdf,,c4459034-cb23-42b8-b47e-41887f864a6b,4e9b1335-32a3-482c-95ef-cc0d094927e6,https://portal.unlu.edu.ar/sudocu/api/archivos/publico/c4459034-cb23-42b8-b47e-41887f864a6b?id_archivo=c4459034-cb23-42b8-b47e-41887f864a6b&id_documento=4e9b1335-32a3-482c-95ef-cc0d094927e6,ORDENES DE COMPRA,OCDIAGUITA,87,2026,UNLu,02/07/2026
ORDEN DE COMPRA,ORC : 87 / 2024,Autorizado,16/09/2024,EXP. 352/24 - ODC 087/24 - Jenck S.A.,346,ORC_87_2024.pdf,,e74eab24-f06e-4f58-bb9d-c3bd22915cab,1c03d723-588a-4822-99c8-6b46b437ee8c,https://portal.unlu.edu.ar/sudocu/api/archivos/publico/e74eab24-f06e-4f58-bb9d-c3bd22915cab?id_archivo=e74eab24-f06e-4f58-bb9d-c3bd22915cab&id_documento=1c03d723-588a-4822-99c8-6b46b437ee8c,ORDENES DE COMPRA,ORC,87,2024,UNLu,12/09/2024
ORDEN DE COMPRA DIAGUITA,OCDIAGUITA : 86 / 2026,Autorizado,01/07/2026,EXP. 1587/26 - ODC 86/26 - RODRIGUEZ MARCELO FEDERICO,347,OCDIAGUITA_86_2026.pdf,,e4fc8bdb-933a-4d42-822a-834b0078b15a,b41b7bdc-c320-41a0-a4fe-e5ef48939e7b,https://portal.unlu.edu.ar/sudocu/api/archivos/publico/e4fc8bdb-933a-4d42-822a-834b0078b15a?id_archivo=e4fc8bdb-933a-4d42-822a-834b0078b15a&id_documento=b41b7bdc-c320-41a0-a4fe-e5ef48939e7b,ORDENES DE COMPRA,OCDIAGUITA,86,2026,UNLu,01/07/2026
ORDEN DE COMPRA,ORC : 86 / 2024,Autorizado,16/09/2024,EXP. 347/24 - ODC 086/24 - Pepe Hugo Daniel,348,ORC_86_2024.pdf,,71436148-ed54-40b4-8c92-782b92ef4238,4e5ed500-3249-4f61-a8cb-573b97e2c80d,https://portal.unlu.edu.ar/sudocu/api/archivos/publico/71436148-ed54-40b4-8c92-782b92ef4238?id_archivo=71436148-ed54-40b4-8c92-782b92ef4238&id_documento=4e5ed500-3249-4f61-a8cb-573b97e2c80d,ORDENES DE COMPRA,ORC,86,2024,UNLu,12/09/2024
ORDEN DE COMPRA DIAGUITA,OCDIAGUITA : 85 / 2026,Autorizado,01/07/2026,EXP. 1240/25 - ODC 85/26 - POOLI FERNANDO LUIS,349,OCDIAGUITA_85_2026.pdf,,20b3b85a-5de3-4a91-86e9-33c6a274e2e2,8088803c-3abb-419f-96a6-9dfa8faa7e94,https://portal.unlu.edu.ar/sudocu/api/archivos/publico/20b3b85a-5de3-4a91-86e9-33c6a274e2e2?id_archivo=20b3b85a-5de3-4a91-86e9-33c6a274e2e2&id_documento=8088803c-3abb-419f-96a6-9dfa8faa7e94,ORDENES DE COMPRA,OCDIAGUITA,85,2026,UNLu,01/07/2026
ORDEN DE COMPRA,ORC : 85 / 2024,Autorizado,11/09/2024,EXP. 97/24 - ODC 085/24 - Bulecevich Iván,350,ORC_85_2024.pdf,,dd50a372-924a-4117-867f-063153eca34e,adb5716f-6751-46da-ac96-34fcdae832f1,https://portal.unlu.edu.ar/sudocu/api/archivos/publico/dd50a372-924a-4117-867f-063153eca34e?id_archivo=dd50a372-924a-4117-867f-063153eca34e&id_documento=adb5716f-6751-46da-ac96-34fcdae832f1,ORDENES DE COMPRA,ORC,85,2024,UNLu,11/09/2024
ORDEN DE COMPRA DIAGUITA,OCDIAGUITA : 84 / 2026,Autorizado,30/06/2026,EXP. 1565/26 - ODC 84/26 - VAZQUEZ,351,OCDIAGUITA_84_2026.pdf,,0e9e95ed-e691-4cd9-a9c6-b28555f6a44d,97a1852d-30de-4930-ba1c-69e678add366,https://portal.unlu.edu.ar/sudocu/api/archivos/publico/0e9e95ed-e691-4cd9-a9c6-b28555f6a44d?id_archivo=0e9e95ed-e691-4cd9-a9c6-b28555f6a44d&id_documento=97a1852d-30de-4930-ba1c-69e678add366,ORDENES DE COMPRA,OCDIAGUITA,84,2026,UNLu,30/06/2026
ORDEN DE COMPRA,ORC : 84 / 2024,Autorizado,11/09/2024,EXP. 97/24 - ODC 084/24 - Pepe Hugo Daniel,352,ORC_84_2024.pdf,,072f037b-030a-4cf8-a848-8d69caf1e2bd,00a65a9e-9664-494d-826d-7fa589f795ea,https://portal.unlu.edu.ar/sudocu/api/archivos/publico/072f037b-030a-4cf8-a848-8d69caf1e2bd?id_archivo=072f037b-030a-4cf8-a848-8d69caf1e2bd&id_documento=00a65a9e-9664-494d-826d-7fa589f795ea,ORDENES DE COMPRA,ORC,84,2024,UNLu,11/09/2024
ORDEN DE COMPRA DIAGUITA,OCDIAGUITA : 83 / 2026,Autorizado,30/06/2026,EXP. 87/26 - ODC 83/26 - DOS SOLES,353,OCDIAGUITA_83_2026.pdf,,5ab755fe-bc07-4670-8b8b-1d2f4827ffb2,41fe579d-4f19-4e8e-9881-348f53fa0c08,https://portal.unlu.edu.ar/sudocu/api/archivos/publico/5ab755fe-bc07-4670-8b8b-1d2f4827ffb2?id_archivo=5ab755fe-bc07-4670-8b8b-1d2f4827ffb2&id_documento=41fe579d-4f19-4e8e-9881-348f53fa0c08,ORDENES DE COMPRA,OCDIAGUITA,83,2026,UNLu,30/06/2026
ORDEN DE COMPRA,ORC : 83 / 2024,Autorizado,11/09/2024,EXP. 97/24 - ODC 083/24 - Vargas Santiago Dante Joel,354,ORC_83_2024.pdf,,1d87caa7-996f-4c86-8147-18906b900ce8,9159d206-1b88-416d-998b-17461577222c,https://portal.unlu.edu.ar/sudocu/api/archivos/publico/1d87caa7-996f-4c86-8147-18906b900ce8?id_archivo=1d87caa7-996f-4c86-8147-18906b900ce8&id_documento=9159d206-1b88-416d-998b-17461577222c,ORDENES DE COMPRA,ORC,83,2024,UNLu,11/09/2024
ORDEN DE COMPRA DIAGUITA,OCDIAGUITA : 82 / 2026,Autorizado,30/06/2026,EXP. 166/26 - ODC 82/26 - NUÑEZ,355,OCDIAGUITA_82_2026.pdf,,92777c76-2f69-407f-8230-ca43794d25b8,07857ef0-4ddf-4c5a-b410-38c48872e0fb,https://portal.unlu.edu.ar/sudocu/api/archivos/publico/92777c76-2f69-407f-8230-ca43794d25b8?id_archivo=92777c76-2f69-407f-8230-ca43794d25b8&id_documento=07857ef0-4ddf-4c5a-b410-38c48872e0fb,ORDENES DE COMPRA,OCDIAGUITA,82,2026,UNLu,29/06/2026
ORDEN DE COMPRA,ORC : 82 / 2024,Autorizado,11/09/2024,EXP. 237/24 - ODC 082/24 - Diamond System S.A.,356,ORC_82_2024.pdf,,8249b87a-f972-4e3c-84b8-0f4ea0555707,4acd5a32-2053-4c0d-a88c-b14b15b273b2,https://portal.unlu.edu.ar/sudocu/api/archivos/publico/8249b87a-f972-4e3c-84b8-0f4ea0555707?id_archivo=8249b87a-f972-4e3c-84b8-0f4ea0555707&id_documento=4acd5a32-2053-4c0d-a88c-b14b15b273b2,ORDENES DE COMPRA,ORC,82,2024,UNLu,10/09/2024
ORDEN DE COMPRA DIAGUITA,OCDIAGUITA : 81 / 2026,Autorizado,30/06/2026,EXP. 1367/26 - ODC 81/26 - PERONI,357,OCDIAGUITA_81_2026.pdf,,da8b3c64-91c0-4791-a7b5-808fad4d13a7,351134a6-42d8-482a-afef-230386d9273a,https://portal.unlu.edu.ar/sudocu/api/archivos/publico/da8b3c64-91c0-4791-a7b5-808fad4d13a7?id_archivo=da8b3c64-91c0-4791-a7b5-808fad4d13a7&id_documento=351134a6-42d8-482a-afef-230386d9273a,ORDENES DE COMPRA,OCDIAGUITA,81,2026,UNLu,29/06/2026
ORDEN DE COMPRA,ORC : 81 / 2024,Autorizado,11/09/2024,EXP. 216/24 - ODC 081/24 - Marisi Leandro,358,ORC_81_2024.pdf,,57ccae40-5d15-4b30-9bb8-2d375b6792d1,29580439-e3c2-4db2-92da-c8a9109ce88d,https://portal.unlu.edu.ar/sudocu/api/archivos/publico/57ccae40-5d15-4b30-9bb8-2d375b6792d1?id_archivo=57ccae40-5d15-4b30-9bb8-2d375b6792d1&id_documento=29580439-e3c2-4db2-92da-c8a9109ce88d,ORDENES DE COMPRA,ORC,81,2024,UNLu,10/09/2024
ORDEN DE COMPRA DIAGUITA,OCDIAGUITA : 80 / 2026,Autorizado,30/06/2026,EXP. 166/26 - 80/26 - RUIZ,359,OCDIAGUITA_80_2026.pdf,,d2c7fb3c-d4c1-4ab7-8da6-b9fd32ed784c,7e77306a-ae6b-4bd0-a7e2-38cfa002f70e,https://portal.unlu.edu.ar/sudocu/api/archivos/publico/d2c7fb3c-d4c1-4ab7-8da6-b9fd32ed784c?id_archivo=d2c7fb3c-d4c1-4ab7-8da6-b9fd32ed784c&id_documento=7e77306a-ae6b-4bd0-a7e2-38cfa002f70e,ORDENES DE COMPRA,OCDIAGUITA,80,2026,UNLu,29/06/2026
ORDEN DE COMPRA,ORC : 80 / 2024,Autorizado,10/09/2024,EXP. 202/24 - ODC 080/24 - Lobov Y Cía S.A.,360,ORC_80_2024.pdf,,84430578-f7c9-4502-89f6-3322a64fd0e4,cd8cf1f7-16df-40f2-bccf-74a4c5b4fc92,https://portal.unlu.edu.ar/sudocu/api/archivos/publico/84430578-f7c9-4502-89f6-3322a64fd0e4?id_archivo=84430578-f7c9-4502-89f6-3322a64fd0e4&id_documento=cd8cf1f7-16df-40f2-bccf-74a4c5b4fc92,ORDENES DE COMPRA,ORC,80,2024,UNLu,10/09/2024
ORDEN DE COMPRA DIAGUITA,OCDIAGUITA : 79 / 2026,Autorizado,30/06/2026,EXP. 166/26 - ODC 79/26 - BELTZER,361,OCDIAGUITA_79_2026.pdf,,9bcaf86a-cae2-41fe-9a0c-82789c4d194c,307dfaa2-43a5-431d-a0a7-4f69a59cdd17,https://portal.unlu.edu.ar/sudocu/api/archivos/publico/9bcaf86a-cae2-41fe-9a0c-82789c4d194c?id_archivo=9bcaf86a-cae2-41fe-9a0c-82789c4d194c&id_documento=307dfaa2-43a5-431d-a0a7-4f69a59cdd17,ORDENES DE COMPRA,OCDIAGUITA,79,2026,UNLu,29/06/2026
ORDEN DE COMPRA,ORC : 79 / 2024,Autorizado,10/09/2024,EXP. 202/24 - ODC 079/24 - Proyecto Loica S.R.L.,362,ORC_79_2024.pdf,,c7f25f59-88eb-4e06-8c2f-0147d431318c,1a2d666e-10d9-41de-9fc4-7f2889d67446,https://portal.unlu.edu.ar/sudocu/api/archivos/publico/c7f25f59-88eb-4e06-8c2f-0147d431318c?id_archivo=c7f25f59-88eb-4e06-8c2f-0147d431318c&id_documento=1a2d666e-10d9-41de-9fc4-7f2889d67446,ORDENES DE COMPRA,ORC,79,2024,UNLu,10/09/2024
ORDEN DE COMPRA DIAGUITA,OCDIAGUITA : 78 / 2026,Autorizado,30/06/2026,EXP. 166/26 - ODC 78/26 - VARGAS,363,OCDIAGUITA_78_2026.pdf,,09d12582-0c47-4c3d-a258-578897139574,a1b4d4ed-6374-40ea-8130-58b96756bb17,https://portal.unlu.edu.ar/sudocu/api/archivos/publico/09d12582-0c47-4c3d-a258-578897139574?id_archivo=09d12582-0c47-4c3d-a258-578897139574&id_documento=a1b4d4ed-6374-40ea-8130-58b96756bb17,ORDENES DE COMPRA,OCDIAGUITA,78,2026,UNLu,29/06/2026
ORDEN DE COMPRA,ORC : 78 / 2024,Autorizado,10/09/2024,EXP. 202/24 - ODC 078/24 - Fernandez Lilian Esther,364,ORC_78_2024.pdf,,86852081-4150-4f80-82d4-444add3b59ba,97067f42-1f02-4428-a364-7c57dcca89c5,https://portal.unlu.edu.ar/sudocu/api/archivos/publico/86852081-4150-4f80-82d4-444add3b59ba?id_archivo=86852081-4150-4f80-82d4-444add3b59ba&id_documento=97067f42-1f02-4428-a364-7c57dcca89c5,ORDENES DE COMPRA,ORC,78,2024,UNLu,10/09/2024
ORDEN DE COMPRA DIAGUITA,OCDIAGUITA : 77 / 2026,Autorizado,30/06/2026,EXP. 166/26 - 77/26 - ALSINA,365,OCDIAGUITA_77_2026.pdf,,354195b5-bc65-4f6b-b1ba-cf8c5b47a6de,dca7df52-d677-40d2-ab8c-4abd6f679768,https://portal.unlu.edu.ar/sudocu/api/archivos/publico/354195b5-bc65-4f6b-b1ba-cf8c5b47a6de?id_archivo=354195b5-bc65-4f6b-b1ba-cf8c5b47a6de&id_documento=dca7df52-d677-40d2-ab8c-4abd6f679768,ORDENES DE COMPRA,OCDIAGUITA,77,2026,UNLu,29/06/2026
ORDEN DE COMPRA,ORC : 77 / 2024,Autorizado,04/09/2024,EXP. 68/24 - ODC 076/24 - Servicios Integrales Gráficos S.A.,366,ORC_77_2024.pdf,,bb99eaf8-9d64-4861-9c79-295c639b8b5f,6bfca427-7836-47aa-aba3-603afe599e3b,https://portal.unlu.edu.ar/sudocu/api/archivos/publico/bb99eaf8-9d64-4861-9c79-295c639b8b5f?id_archivo=bb99eaf8-9d64-4861-9c79-295c639b8b5f&id_documento=6bfca427-7836-47aa-aba3-603afe599e3b,ORDENES DE COMPRA,ORC,77,2024,UNLu,04/09/2024
ORDEN DE COMPRA DIAGUITA,OCDIAGUITA : 76 / 2026,Autorizado,30/06/2026,EXP. 166/26 - ODC 76/26 - BULECEVICH IVAN,367,OCDIAGUITA_76_2026.pdf,,d681b359-93ab-43ce-8044-396cd1013f88,a5942b7f-0268-43bb-87eb-6f06a420a674,https://portal.unlu.edu.ar/sudocu/api/archivos/publico/d681b359-93ab-43ce-8044-396cd1013f88?id_archivo=d681b359-93ab-43ce-8044-396cd1013f88&id_documento=a5942b7f-0268-43bb-87eb-6f06a420a674,ORDENES DE COMPRA,OCDIAGUITA,76,2026,UNLu,29/06/2026
ORDEN DE COMPRA,ORC : 76 / 2024,Autorizado,06/09/2024,EXP. 68/24 - ODC 076/24 - Servicios Integrales Gráficos S.A.,368,ORC_76_2024.pdf,,273bdc8b-4e0a-416d-b8bb-b78e1e173915,9b021bbb-084b-4dda-8eab-f1f8d90c3664,https://portal.unlu.edu.ar/sudocu/api/archivos/publico/273bdc8b-4e0a-416d-b8bb-b78e1e173915?id_archivo=273bdc8b-4e0a-416d-b8bb-b78e1e173915&id_documento=9b021bbb-084b-4dda-8eab-f1f8d90c3664,ORDENES DE COMPRA,ORC,76,2024,UNLu,04/09/2024
ORDEN DE COMPRA DIAGUITA,OCDIAGUITA : 75 / 2026,Autorizado,03/07/2026,EXP. 1555/26 - ODC 75/26 - BIOQUIMICA S.R.L.,369,OCDIAGUITA_75_2026.pdf,,1e1310a6-ee5d-4a40-9086-82857a49c519,e4ab1046-9b60-4714-8b33-f40165093236,https://portal.unlu.edu.ar/sudocu/api/archivos/publico/1e1310a6-ee5d-4a40-9086-82857a49c519?id_archivo=1e1310a6-ee5d-4a40-9086-82857a49c519&id_documento=e4ab1046-9b60-4714-8b33-f40165093236,ORDENES DE COMPRA,OCDIAGUITA,75,2026,UNLu,29/06/2026
ORDEN DE COMPRA,ORC : 75 / 2024,Autorizado,03/09/2024,EXP. 1567/23 - ODC 075/24 - Moreno Diego Hernán,370,ORC_75_2024.pdf,,38a32a24-e91f-4695-8dcc-54c50576c1d1,8cb1a8a5-a1e5-4aaa-a958-9370f30a92c1,https://portal.unlu.edu.ar/sudocu/api/archivos/publico/38a32a24-e91f-4695-8dcc-54c50576c1d1?id_archivo=38a32a24-e91f-4695-8dcc-54c50576c1d1&id_documento=8cb1a8a5-a1e5-4aaa-a958-9370f30a92c1,ORDENES DE COMPRA,ORC,75,2024,UNLu,30/08/2024
ORDEN DE COMPRA DIAGUITA,OCDIAGUITA : 74 / 2026,Autorizado,29/06/2026,EXP. 1487/26 - ODC 74/26 - DISTRYRED S.R.L.,371,OCDIAGUITA_74_2026.pdf,,33908ede-df26-4d39-b447-51860071fab6,4aa620c2-dc6e-4481-87ea-426797095aae,https://portal.unlu.edu.ar/sudocu/api/archivos/publico/33908ede-df26-4d39-b447-51860071fab6?id_archivo=33908ede-df26-4d39-b447-51860071fab6&id_documento=4aa620c2-dc6e-4481-87ea-426797095aae,ORDENES DE COMPRA,OCDIAGUITA,74,2026,UNLu,26/06/2026
ORDEN DE COMPRA,ORC : 74 / 2024,Autorizado,30/08/2024,EXP. 203/24 - ODC 074/24 - Gil Walter Pablo,372,ORC_74_2024.pdf,,a0b47bae-c6fe-4e36-a112-c09db8180b3d,9ae61f82-5ca2-4e3a-890a-910cf4d7e803,https://portal.unlu.edu.ar/sudocu/api/archivos/publico/a0b47bae-c6fe-4e36-a112-c09db8180b3d?id_archivo=a0b47bae-c6fe-4e36-a112-c09db8180b3d&id_documento=9ae61f82-5ca2-4e3a-890a-910cf4d7e803,ORDENES DE COMPRA,ORC,74,2024,UNLu,30/08/2024
ORDEN DE COMPRA DIAGUITA,OCDIAGUITA : 73 / 2026,Autorizado,25/06/2026,EXP. 1434/26 - ODC 73/26 - SERVICIOS GLOBALES DE INFORMATICA S.A.,373,OCDIAGUITA_73_2026.pdf,,f8e124ff-352b-4a51-a03f-29a8a7261640,c5e498fe-4737-435e-bd03-a005ea94f0ea,https://portal.unlu.edu.ar/sudocu/api/archivos/publico/f8e124ff-352b-4a51-a03f-29a8a7261640?id_archivo=f8e124ff-352b-4a51-a03f-29a8a7261640&id_documento=c5e498fe-4737-435e-bd03-a005ea94f0ea,ORDENES DE COMPRA,OCDIAGUITA,73,2026,UNLu,25/06/2026
ORDEN DE COMPRA,ORC : 73 / 2024,Autorizado,30/08/2024,EXP. 203/24 - ODC 073/24 - Da Ronco Ricardo Omar,374,ORC_73_2024.pdf,,4908c981-8bf1-4c00-bfa3-68312935cd4f,63ed526e-f69b-4fa0-8193-59797601e834,https://portal.unlu.edu.ar/sudocu/api/archivos/publico/4908c981-8bf1-4c00-bfa3-68312935cd4f?id_archivo=4908c981-8bf1-4c00-bfa3-68312935cd4f&id_documento=63ed526e-f69b-4fa0-8193-59797601e834,ORDENES DE COMPRA,ORC,73,2024,UNLu,30/08/2024
ORDEN DE COMPRA DIAGUITA,OCDIAGUITA : 72 / 2026,Autorizado,25/06/2026,EXP. 147/26 - ODC 72/26 - HUGO TORBIDONI Y CIA. S.R.L.,375,OCDIAGUITA_72_2026.pdf,,34f234bd-5125-4d6b-a370-f82828bc56b3,af4bb4ee-f3a0-49f6-81e7-7cd8d15ac507,https://portal.unlu.edu.ar/sudocu/api/archivos/publico/34f234bd-5125-4d6b-a370-f82828bc56b3?id_archivo=34f234bd-5125-4d6b-a370-f82828bc56b3&id_documento=af4bb4ee-f3a0-49f6-81e7-7cd8d15ac507,ORDENES DE COMPRA,OCDIAGUITA,72,2026,UNLu,25/06/2026
ORDEN DE COMPRA,ORC : 72 / 2024,Autorizado,29/08/2024,EXP. 264/24 - ODC 072/24 - Ayron Energy S.R.L.,376,ORC_72_2024.pdf,,1ef1e5a5-bef7-4b24-a3a6-31a4a2bff233,3c63da91-7247-411f-9242-bc45f0f568b2,https://portal.unlu.edu.ar/sudocu/api/archivos/publico/1ef1e5a5-bef7-4b24-a3a6-31a4a2bff233?id_archivo=1ef1e5a5-bef7-4b24-a3a6-31a4a2bff233&id_documento=3c63da91-7247-411f-9242-bc45f0f568b2,ORDENES DE COMPRA,ORC,72,2024,UNLu,29/08/2024
ORDEN DE COMPRA DIAGUITA,OCDIAGUITA : 71 / 2026,Autorizado,12/06/2026,EXP. 1343/25 - ODC 71/26 - EDUCANDO S.R.L.,377,OCDIAGUITA_71_2026.pdf,,e61d5e8c-4a8b-4e4c-82f8-ddb696579014,75317425-9997-4e28-a1a9-e3d16a3c78ae,https://portal.unlu.edu.ar/sudocu/api/archivos/publico/e61d5e8c-4a8b-4e4c-82f8-ddb696579014?id_archivo=e61d5e8c-4a8b-4e4c-82f8-ddb696579014&id_documento=75317425-9997-4e28-a1a9-e3d16a3c78ae,ORDENES DE COMPRA,OCDIAGUITA,71,2026,UNLu,12/06/2026
ORDEN DE COMPRA,ORC : 71 / 2024,Autorizado,29/08/2024,EXP. 47/24 - ODC 71/24 - Gonzalo Guido Martín,378,ORC_71_2024.pdf,,c803bfa3-3a28-4238-adb5-71a26f486b32,1a687b83-8133-48d6-9e2e-fbb473a83b0e,https://portal.unlu.edu.ar/sudocu/api/archivos/publico/c803bfa3-3a28-4238-adb5-71a26f486b32?id_archivo=c803bfa3-3a28-4238-adb5-71a26f486b32&id_documento=1a687b83-8133-48d6-9e2e-fbb473a83b0e,ORDENES DE COMPRA,ORC,71,2024,UNLu,29/08/2024
ORDEN DE COMPRA DIAGUITA,OCDIAGUITA : 70 / 2026,Autorizado,11/06/2026,EXP. 1409/26 - ODC 70/26 - TRIGEMIOS,379,OCDIAGUITA_70_2026.pdf,,80e085a1-1711-46de-9dfa-a8750c089975,48b53dec-0073-4fc1-aaf7-2313eb197180,https://portal.unlu.edu.ar/sudocu/api/archivos/publico/80e085a1-1711-46de-9dfa-a8750c089975?id_archivo=80e085a1-1711-46de-9dfa-a8750c089975&id_documento=48b53dec-0073-4fc1-aaf7-2313eb197180,ORDENES DE COMPRA,OCDIAGUITA,70,2026,UNLu,11/06/2026
ORDEN DE COMPRA,ORC : 70 / 2024,Autorizado,29/08/2024,EXP. 242/24 -ODC 070/24 - Seiseme S.A.,380,ORC_70_2024.pdf,,0bae5800-f8ff-48f0-b08f-e333e87612e3,f9c7e2e6-f115-48cd-932f-98fa06694f81,https://portal.unlu.edu.ar/sudocu/api/archivos/publico/0bae5800-f8ff-48f0-b08f-e333e87612e3?id_archivo=0bae5800-f8ff-48f0-b08f-e333e87612e3&id_documento=f9c7e2e6-f115-48cd-932f-98fa06694f81,ORDENES DE COMPRA,ORC,70,2024,UNLu,28/08/2024
ORDEN DE COMPRA DIAGUITA,OCDIAGUITA : 69 / 2026,Autorizado,11/06/2026,EXP. 1409/26 - ODC 69/26- CORRALONES STABILE,381,OCDIAGUITA_69_2026.pdf,,f5850692-3abd-4412-bfa8-f7249f4bab16,b92d50cb-fe16-4c70-854a-33f39a0d8f82,https://portal.unlu.edu.ar/sudocu/api/archivos/publico/f5850692-3abd-4412-bfa8-f7249f4bab16?id_archivo=f5850692-3abd-4412-bfa8-f7249f4bab16&id_documento=b92d50cb-fe16-4c70-854a-33f39a0d8f82,ORDENES DE COMPRA,OCDIAGUITA,69,2026,UNLu,11/06/2026
ORDEN DE COMPRA,ORC : 69 / 2024,Autorizado,29/08/2024,EXP. 168/24 - ODC 069/24 - Agropecuaria Altan S.R.L.,382,ORC_69_2024.pdf,,2c06a2c5-257a-4512-a708-c7829e71bfd2,8a242d8e-82da-4f74-817f-abd4ab549ca2,https://portal.unlu.edu.ar/sudocu/api/archivos/publico/2c06a2c5-257a-4512-a708-c7829e71bfd2?id_archivo=2c06a2c5-257a-4512-a708-c7829e71bfd2&id_documento=8a242d8e-82da-4f74-817f-abd4ab549ca2,ORDENES DE COMPRA,ORC,69,2024,UNLu,28/08/2024
ORDEN DE COMPRA DIAGUITA,OCDIAGUITA : 68 / 2026,Autorizado,11/06/2026,EXP. 1409/26 - ODC 68/26 - PERONI,383,OCDIAGUITA_68_2026.pdf,,63611ff4-68f6-428a-8112-513d57bdb80b,d35169c1-a57f-43f9-a487-4a3d6bbf5134,https://portal.unlu.edu.ar/sudocu/api/archivos/publico/63611ff4-68f6-428a-8112-513d57bdb80b?id_archivo=63611ff4-68f6-428a-8112-513d57bdb80b&id_documento=d35169c1-a57f-43f9-a487-4a3d6bbf5134,ORDENES DE COMPRA,OCDIAGUITA,68,2026,UNLu,11/06/2026
ORDEN DE COMPRA,ORC : 68 / 2024,Autorizado,29/08/2024,EXP. 168/24 - ODC 068/24 - Guaita María Fernanda,384,ORC_68_2024.pdf,,a48d048f-eb34-4936-bcb2-5b677d7c7bb9,70a47186-adcd-4a4b-8c45-ca15e922f0ef,https://portal.unlu.edu.ar/sudocu/api/archivos/publico/a48d048f-eb34-4936-bcb2-5b677d7c7bb9?id_archivo=a48d048f-eb34-4936-bcb2-5b677d7c7bb9&id_documento=70a47186-adcd-4a4b-8c45-ca15e922f0ef,ORDENES DE COMPRA,ORC,68,2024,UNLu,28/08/2024
ORDEN DE COMPRA DIAGUITA,OCDIAGUITA : 67 / 2026,Autorizado,12/06/2026,EXP. 151/26 - ODC 67/26 - COOPERATIVA DE TRABAJO LOS VENCEDORES VENCIDOS LIMITADA,385,OCDIAGUITA_67_2026.pdf,,287335db-2417-438c-aeb0-7f6b7bea81c9,e91f739f-4c4c-4b17-8bf5-a59068571a27,https://portal.unlu.edu.ar/sudocu/api/archivos/publico/287335db-2417-438c-aeb0-7f6b7bea81c9?id_archivo=287335db-2417-438c-aeb0-7f6b7bea81c9&id_documento=e91f739f-4c4c-4b17-8bf5-a59068571a27,ORDENES DE COMPRA,OCDIAGUITA,67,2026,UNLu,11/06/2026
ORDEN DE COMPRA,ORC : 67 / 2024,Autorizado,29/08/2024,EXP. 168/24 - ODC 067/24 - Beloqui José Antonio,386,ORC_67_2024.pdf,,9861daa8-8ad1-4e3b-82be-4f2f98fe647b,0605d2ea-8544-4c7b-9db5-413a12557b6c,https://portal.unlu.edu.ar/sudocu/api/archivos/publico/9861daa8-8ad1-4e3b-82be-4f2f98fe647b?id_archivo=9861daa8-8ad1-4e3b-82be-4f2f98fe647b&id_documento=0605d2ea-8544-4c7b-9db5-413a12557b6c,ORDENES DE COMPRA,ORC,67,2024,UNLu,28/08/2024
ORDEN DE COMPRA DIAGUITA,OCDIAGUITA : 66 / 2026,Autorizado,12/06/2026,EXP. 151/26 - ODC 66/26 - M Y D SILOS S.A,387,OCDIAGUITA_66_2026.pdf,,8496d10d-a224-48d8-82c1-72e19de0c686,b59417e3-2796-468b-ba54-23a4b10686c9,https://portal.unlu.edu.ar/sudocu/api/archivos/publico/8496d10d-a224-48d8-82c1-72e19de0c686?id_archivo=8496d10d-a224-48d8-82c1-72e19de0c686&id_documento=b59417e3-2796-468b-ba54-23a4b10686c9,ORDENES DE COMPRA,OCDIAGUITA,66,2026,UNLu,11/06/2026
ORDEN DE COMPRA,ORC : 66 / 2024,Autorizado,29/08/2024,EXP. 168/24 - ODC 066/24 - Juan Carlos Cardinale S.R.L.,388,ORC_66_2024.pdf,,49a2f125-710b-4a86-bb88-ed31bf629a17,6bfc76a3-22c9-453d-9f25-333e89db59ca,https://portal.unlu.edu.ar/sudocu/api/archivos/publico/49a2f125-710b-4a86-bb88-ed31bf629a17?id_archivo=49a2f125-710b-4a86-bb88-ed31bf629a17&id_documento=6bfc76a3-22c9-453d-9f25-333e89db59ca,ORDENES DE COMPRA,ORC,66,2024,UNLu,28/08/2024
ORDEN DE COMPRA DIAGUITA,OCDIAGUITA : 65 / 2026,Autorizado,10/06/2026,EXP LUJ Nº 87/26. ORDEN DE COMPRA Nº 65/26 GERÓNIMO DOS SOLES S.A,389,OCDIAGUITA_65_2026.pdf,,a2688591-f529-47b3-ab44-36b35edf41ae,24d18556-4d5d-4105-a956-7c2e62762c42,https://portal.unlu.edu.ar/sudocu/api/archivos/publico/a2688591-f529-47b3-ab44-36b35edf41ae?id_archivo=a2688591-f529-47b3-ab44-36b35edf41ae&id_documento=24d18556-4d5d-4105-a956-7c2e62762c42,ORDENES DE COMPRA,OCDIAGUITA,65,2026,UNLu,10/06/2026
ORDEN DE COMPRA,ORC : 65 / 2024,Autorizado,27/08/2024,EXP. 226/24 - ODC 065/24 - Bioquimica S.R.L.,390,ORC_65_2024.pdf,,2e45e434-629e-4fe5-b2ee-9d1d3c4d8463,00cc5cc7-80a2-45d9-872c-7be6da1e2ca8,https://portal.unlu.edu.ar/sudocu/api/archivos/publico/2e45e434-629e-4fe5-b2ee-9d1d3c4d8463?id_archivo=2e45e434-629e-4fe5-b2ee-9d1d3c4d8463&id_documento=00cc5cc7-80a2-45d9-872c-7be6da1e2ca8,ORDENES DE COMPRA,ORC,65,2024,UNLu,26/08/2024
ORDEN DE COMPRA DIAGUITA,OCDIAGUITA : 64 / 2026,Autorizado,09/06/2026,EXP. 1363/26 - ODC 64/26 - TXC S.R.L.,391,OCDIAGUITA_64_2026.pdf,,1f284e64-c8d0-4f8d-b883-09134d9a0547,5611840d-cdbe-4f74-9846-c01a3e35cd95,https://portal.unlu.edu.ar/sudocu/api/archivos/publico/1f284e64-c8d0-4f8d-b883-09134d9a0547?id_archivo=1f284e64-c8d0-4f8d-b883-09134d9a0547&id_documento=5611840d-cdbe-4f74-9846-c01a3e35cd95,ORDENES DE COMPRA,OCDIAGUITA,64,2026,UNLu,09/06/2026
ORDEN DE COMPRA,ORC : 64 / 2024,Autorizado,27/08/2024,EXP. 124/24 - ODC 064/24 - LALEY,392,ORC_64_2024.pdf,,9c217527-5c53-405b-bb63-ddaf7076e6da,884395fd-6234-43cb-b78b-67d7052c8918,https://portal.unlu.edu.ar/sudocu/api/archivos/publico/9c217527-5c53-405b-bb63-ddaf7076e6da?id_archivo=9c217527-5c53-405b-bb63-ddaf7076e6da&id_documento=884395fd-6234-43cb-b78b-67d7052c8918,ORDENES DE COMPRA,ORC,64,2024,UNLu,26/08/2024
ORDEN DE COMPRA DIAGUITA,OCDIAGUITA : 63 / 2026,Autorizado,09/06/2026,EXP. 1363/26 - ODC 63/26 - VARGAS SANTIAGO DANTE JOEL,393,OCDIAGUITA_63_2026.pdf,,e73d9fec-f439-4c64-b065-c332b04a97b7,d1980c72-d508-4f05-a25a-5ee2601914a4,https://portal.unlu.edu.ar/sudocu/api/archivos/publico/e73d9fec-f439-4c64-b065-c332b04a97b7?id_archivo=e73d9fec-f439-4c64-b065-c332b04a97b7&id_documento=d1980c72-d508-4f05-a25a-5ee2601914a4,ORDENES DE COMPRA,OCDIAGUITA,63,2026,UNLu,09/06/2026
ORDEN DE COMPRA,ORC : 63 / 2024,Autorizado,06/09/2024,EXP 946/2023 ORDEN DE COMPRA,394,ORC_63_2024.pdf,,5879042b-09be-4f02-81cc-97fda420b48b,87d01fd7-5032-4be6-9fcd-ababfa86227e,https://portal.unlu.edu.ar/sudocu/api/archivos/publico/5879042b-09be-4f02-81cc-97fda420b48b?id_archivo=5879042b-09be-4f02-81cc-97fda420b48b&id_documento=87d01fd7-5032-4be6-9fcd-ababfa86227e,ORDENES DE COMPRA,ORC,63,2024,UNLu,23/08/2024
ORDEN DE COMPRA DIAGUITA,OCDIAGUITA : 62 / 2026,Autorizado,09/06/2026,EXP. 1363/26 - ODC 62/26 - TRIGEMIOS S.R.L.,395,OCDIAGUITA_62_2026.pdf,,fc90d5b3-084b-41b2-95ac-ec7c9ba22c17,2fc2d2cb-6e8d-4e06-adc7-162390e802d9,https://portal.unlu.edu.ar/sudocu/api/archivos/publico/fc90d5b3-084b-41b2-95ac-ec7c9ba22c17?id_archivo=fc90d5b3-084b-41b2-95ac-ec7c9ba22c17&id_documento=2fc2d2cb-6e8d-4e06-adc7-162390e802d9,ORDENES DE COMPRA,OCDIAGUITA,62,2026,UNLu,09/06/2026
ORDEN DE COMPRA,ORC : 62 / 2024,Autorizado,22/08/2024,EXP. 27/24 - ODC 062/24 - Romani Gonzalo,396,ORC_62_2024.pdf,,4745ce75-55db-4f71-b3dc-a739bff57864,8a9051a3-b306-428b-8f5b-f0912cac4652,https://portal.unlu.edu.ar/sudocu/api/archivos/publico/4745ce75-55db-4f71-b3dc-a739bff57864?id_archivo=4745ce75-55db-4f71-b3dc-a739bff57864&id_documento=8a9051a3-b306-428b-8f5b-f0912cac4652,ORDENES DE COMPRA,ORC,62,2024,UNLu,19/08/2024
ORDEN DE COMPRA DIAGUITA,OCDIAGUITA : 61 / 2026,Autorizado,09/06/2026,EXP. 1363/26 - 61/26 - BULECEVICH IVAN,397,OCDIAGUITA_61_2026.pdf,,8fc5a81a-a0d7-488e-a551-b864b83e17f8,e4936853-2555-4235-9ea9-69da38576332,https://portal.unlu.edu.ar/sudocu/api/archivos/publico/8fc5a81a-a0d7-488e-a551-b864b83e17f8?id_archivo=8fc5a81a-a0d7-488e-a551-b864b83e17f8&id_documento=e4936853-2555-4235-9ea9-69da38576332,ORDENES DE COMPRA,OCDIAGUITA,61,2026,UNLu,09/06/2026
ORDEN DE COMPRA,ORC : 61 / 2024,Autorizado,19/08/2024,EXP. 848/23 - ODC 061/24 - Grupo Editor Tercer Milenio S.A.,398,ORC_61_2024.pdf,,01f09675-2042-4d10-900b-87212e2eea5c,4cb4e6ee-1496-4609-b980-5564f1b78395,https://portal.unlu.edu.ar/sudocu/api/archivos/publico/01f09675-2042-4d10-900b-87212e2eea5c?id_archivo=01f09675-2042-4d10-900b-87212e2eea5c&id_documento=4cb4e6ee-1496-4609-b980-5564f1b78395,ORDENES DE COMPRA,ORC,61,2024,UNLu,16/08/2024
ORDEN DE COMPRA DIAGUITA,OCDIAGUITA : 60 / 2026,Autorizado,09/06/2026,EXP. 1272/26 - ODC 60/26 - DIAMOND SYSTEM S.A.,399,OCDIAGUITA_60_2026.pdf,,315fc78f-9618-458d-aa49-ba5da15c4e7e,ac667a47-43e2-4878-9e8d-8692853380c9,https://portal.unlu.edu.ar/sudocu/api/archivos/publico/315fc78f-9618-458d-aa49-ba5da15c4e7e?id_archivo=315fc78f-9618-458d-aa49-ba5da15c4e7e&id_documento=ac667a47-43e2-4878-9e8d-8692853380c9,ORDENES DE COMPRA,OCDIAGUITA,60,2026,UNLu,09/06/2026
ORDEN DE COMPRA,ORC : 60 / 2024,Autorizado,26/08/2024,EXP. 848/23 - ODC 060/24 -  Vargas Santiago Dante Joel,400,ORC_60_2024.pdf,,94d83a4e-8520-4334-b418-432b8e892a70,cf9169c7-e90f-4ff8-b1b7-225980629d68,https://portal.unlu.edu.ar/sudocu/api/archivos/publico/94d83a4e-8520-4334-b418-432b8e892a70?id_archivo=94d83a4e-8520-4334-b418-432b8e892a70&id_documento=cf9169c7-e90f-4ff8-b1b7-225980629d68,ORDENES DE COMPRA,ORC,60,2024,UNLu,16/08/2024
ORDEN DE COMPRA DIAGUITA,OCDIAGUITA : 59 / 2026,Autorizado,09/06/2026,EXP. 1399/26 - ODC 59/26 - LA LEY S.A.U. Editora e Impresora,401,OCDIAGUITA_59_2026.pdf,,33c5356b-c4a6-4463-94bd-d9468f8d5388,b4faa086-9ab1-4ee6-b937-dc90554b0bf9,https://portal.unlu.edu.ar/sudocu/api/archivos/publico/33c5356b-c4a6-4463-94bd-d9468f8d5388?id_archivo=33c5356b-c4a6-4463-94bd-d9468f8d5388&id_documento=b4faa086-9ab1-4ee6-b937-dc90554b0bf9,ORDENES DE COMPRA,OCDIAGUITA,59,2026,UNLu,09/06/2026
ORDEN DE COMPRA,ORC : 59 / 2024,Autorizado,13/08/2024,EXP. 6/24 - ODC 059/24 - Valot S.A.,402,ORC_59_2024.pdf,,f9ebe28e-d711-4e08-9c93-687de6f2a91c,16568455-deb2-40af-af4f-8bc62e58cd46,https://portal.unlu.edu.ar/sudocu/api/archivos/publico/f9ebe28e-d711-4e08-9c93-687de6f2a91c?id_archivo=f9ebe28e-d711-4e08-9c93-687de6f2a91c&id_documento=16568455-deb2-40af-af4f-8bc62e58cd46,ORDENES DE COMPRA,ORC,59,2024,UNLu,09/08/2024
ORDEN DE COMPRA DIAGUITA,OCDIAGUITA : 58 / 2026,Autorizado,08/06/2026,EXP. 1420/26 - ODC 58/26 - DEHNER S.R.L.,403,OCDIAGUITA_58_2026.pdf,,aea65d3a-d8a7-4c1c-85d4-6b99112d7abe,542c1a67-ee5e-4eec-90b2-0246f54f37b4,https://portal.unlu.edu.ar/sudocu/api/archivos/publico/aea65d3a-d8a7-4c1c-85d4-6b99112d7abe?id_archivo=aea65d3a-d8a7-4c1c-85d4-6b99112d7abe&id_documento=542c1a67-ee5e-4eec-90b2-0246f54f37b4,ORDENES DE COMPRA,OCDIAGUITA,58,2026,UNLu,08/06/2026
ORDEN DE COMPRA,ORC : 58 / 2024,Autorizado,09/08/2024,EXP. 101/24 - ODC 058/24 - Vileni S.R.L.,404,ORC_58_2024.pdf,,8c11e87f-b624-4efb-966a-d14409899797,70c2dd07-397d-4454-b5ae-6642b027fdbb,https://portal.unlu.edu.ar/sudocu/api/archivos/publico/8c11e87f-b624-4efb-966a-d14409899797?id_archivo=8c11e87f-b624-4efb-966a-d14409899797&id_documento=70c2dd07-397d-4454-b5ae-6642b027fdbb,ORDENES DE COMPRA,ORC,58,2024,UNLu,09/08/2024
ORDEN DE COMPRA DIAGUITA,OCDIAGUITA : 57 / 2026,Autorizado,08/06/2026,EXP. 159/26 - ODC 57/26 -  ARS TECHNOLOGIES S.R.L.,405,OCDIAGUITA_57_2026.pdf,,50fa1022-51ca-4b2d-bc57-5de53a59a9ae,1d0868e0-ee1e-4922-8ced-72bee58aee49,https://portal.unlu.edu.ar/sudocu/api/archivos/publico/50fa1022-51ca-4b2d-bc57-5de53a59a9ae?id_archivo=50fa1022-51ca-4b2d-bc57-5de53a59a9ae&id_documento=1d0868e0-ee1e-4922-8ced-72bee58aee49,ORDENES DE COMPRA,OCDIAGUITA,57,2026,UNLu,08/06/2026
ORDEN DE COMPRA,ORC : 57 / 2024,Autorizado,11/08/2024,EXP. 261/24 - ODC 057/24 Hogarstyle S.A.,406,ORC_57_2024.pdf,,181dac52-8a4c-466d-9ca0-cf202a9fa53a,99ac1dd0-a747-41a4-b627-e2539bfd523d,https://portal.unlu.edu.ar/sudocu/api/archivos/publico/181dac52-8a4c-466d-9ca0-cf202a9fa53a?id_archivo=181dac52-8a4c-466d-9ca0-cf202a9fa53a&id_documento=99ac1dd0-a747-41a4-b627-e2539bfd523d,ORDENES DE COMPRA,ORC,57,2024,UNLu,09/08/2024
ORDEN DE COMPRA DIAGUITA,OCDIAGUITA : 56 / 2026,Autorizado,08/06/2026,EXP LUJ Nº 97/26. ORDEN DE COMPRA Nº 56/26. SIST MEDICAL S.R.L.,407,OCDIAGUITA_56_2026.pdf,,2e177ab2-c7cc-4125-aefc-32194731759d,a9823d06-eae9-4942-b39c-0b472df012fa,https://portal.unlu.edu.ar/sudocu/api/archivos/publico/2e177ab2-c7cc-4125-aefc-32194731759d?id_archivo=2e177ab2-c7cc-4125-aefc-32194731759d&id_documento=a9823d06-eae9-4942-b39c-0b472df012fa,ORDENES DE COMPRA,OCDIAGUITA,56,2026,UNLu,02/06/2026
ORDEN DE COMPRA,ORC : 56 / 2024,Autorizado,09/08/2024,EXP. 124/24 - ODC 056/24 - Molina Natalia,408,ORC_56_2024.pdf,,2be471f9-9fcd-4ed3-a974-d0437f7c6bdb,3ef691dd-6c2e-49ef-b9b3-5fe8ed6fbf91,https://portal.unlu.edu.ar/sudocu/api/archivos/publico/2be471f9-9fcd-4ed3-a974-d0437f7c6bdb?id_archivo=2be471f9-9fcd-4ed3-a974-d0437f7c6bdb&id_documento=3ef691dd-6c2e-49ef-b9b3-5fe8ed6fbf91,ORDENES DE COMPRA,ORC,56,2024,UNLu,09/08/2024
ORDEN DE COMPRA DIAGUITA,OCDIAGUITA : 55 / 2026,Autorizado,08/06/2026,EXP LUJ Nº 97/26. ORDEN DE COMPRA Nº 55/26. GERÓNIMO DOS SOLES S.A.,409,OCDIAGUITA_55_2026.pdf,,a6983fb8-78a8-4772-ac81-cde0b215d3d8,1df2298b-2610-44b0-b613-59f9a803d021,https://portal.unlu.edu.ar/sudocu/api/archivos/publico/a6983fb8-78a8-4772-ac81-cde0b215d3d8?id_archivo=a6983fb8-78a8-4772-ac81-cde0b215d3d8&id_documento=1df2298b-2610-44b0-b613-59f9a803d021,ORDENES DE COMPRA,OCDIAGUITA,55,2026,UNLu,02/06/2026
ORDEN DE COMPRA,ORC : 55 / 2024,Autorizado,09/08/2024,EXP. 102/24 - ODC 055/24 - Demedici Ines Rosa,410,ORC_55_2024.pdf,,bcc5b438-42e0-4967-8fb7-af60eabd6f72,33938412-6e9e-46e8-b7d0-49dca7687e09,https://portal.unlu.edu.ar/sudocu/api/archivos/publico/bcc5b438-42e0-4967-8fb7-af60eabd6f72?id_archivo=bcc5b438-42e0-4967-8fb7-af60eabd6f72&id_documento=33938412-6e9e-46e8-b7d0-49dca7687e09,ORDENES DE COMPRA,ORC,55,2024,UNLu,09/08/2024
ORDEN DE COMPRA DIAGUITA,OCDIAGUITA : 54 / 2026,Autorizado,08/06/2026,EXP LUJ Nº 97/26. ORDEN DE COMPRA Nº 54/26 VARGAS SANTIAGO DANTE JOEL,411,OCDIAGUITA_54_2026.pdf,,787e6a6d-cc2f-4e9f-944e-b6798f8ae936,b033befb-1fee-429d-80e1-867d5a349ee6,https://portal.unlu.edu.ar/sudocu/api/archivos/publico/787e6a6d-cc2f-4e9f-944e-b6798f8ae936?id_archivo=787e6a6d-cc2f-4e9f-944e-b6798f8ae936&id_documento=b033befb-1fee-429d-80e1-867d5a349ee6,ORDENES DE COMPRA,OCDIAGUITA,54,2026,UNLu,02/06/2026
ORDEN DE COMPRA,ORC : 54 / 2024,Autorizado,08/08/2024,EXP-LUJ:0000267/2024 ORDEN DE COMPRA PROYECTO LOICA S.R.L.,412,ORC_54_2024.pdf,,6c648aa4-d500-49e3-b86e-b6c76d259e09,35e8f8ac-4ab8-47a0-bc2e-f28cd3fb149e,https://portal.unlu.edu.ar/sudocu/api/archivos/publico/6c648aa4-d500-49e3-b86e-b6c76d259e09?id_archivo=6c648aa4-d500-49e3-b86e-b6c76d259e09&id_documento=35e8f8ac-4ab8-47a0-bc2e-f28cd3fb149e,ORDENES DE COMPRA,ORC,54,2024,UNLu,08/08/2024
ORDEN DE COMPRA DIAGUITA,OCDIAGUITA : 53 / 2026,Autorizado,02/06/2026,EXP. 1273/26 - ODC 53/26 - TEKHNOSUR S.A.,413,OCDIAGUITA_53_2026.pdf,,08bccc9b-20a4-416c-9a99-bceea6439f17,52d0d65c-4292-4d36-9122-dc50f3b972a1,https://portal.unlu.edu.ar/sudocu/api/archivos/publico/08bccc9b-20a4-416c-9a99-bceea6439f17?id_archivo=08bccc9b-20a4-416c-9a99-bceea6439f17&id_documento=52d0d65c-4292-4d36-9122-dc50f3b972a1,ORDENES DE COMPRA,OCDIAGUITA,53,2026,UNLu,02/06/2026
ORDEN DE COMPRA,ORC : 53 / 2024,Autorizado,08/08/2024,EXP-LUJ:0000267/2024 ORDEN DE COMPRA CARLOS EDUARDO LARRABURU,414,ORC_53_2024.pdf,,59b81527-d7c6-4766-8762-3521b824019c,45295701-3a54-49f7-8ca0-29a4ac2ce385,https://portal.unlu.edu.ar/sudocu/api/archivos/publico/59b81527-d7c6-4766-8762-3521b824019c?id_archivo=59b81527-d7c6-4766-8762-3521b824019c&id_documento=45295701-3a54-49f7-8ca0-29a4ac2ce385,ORDENES DE COMPRA,ORC,53,2024,UNLu,08/08/2024
ORDEN DE COMPRA DIAGUITA,OCDIAGUITA : 52 / 2026,Autorizado,27/05/2026,EXP. 155/26 - ODC  52/26 - VP 3 GENERACIONES S.R.L.,415,OCDIAGUITA_52_2026.pdf,,26c25e38-be17-4aef-b611-64a3dc1af6d3,7a68dff5-43be-4c19-93cb-53f5fd7b38b7,https://portal.unlu.edu.ar/sudocu/api/archivos/publico/26c25e38-be17-4aef-b611-64a3dc1af6d3?id_archivo=26c25e38-be17-4aef-b611-64a3dc1af6d3&id_documento=7a68dff5-43be-4c19-93cb-53f5fd7b38b7,ORDENES DE COMPRA,OCDIAGUITA,52,2026,UNLu,27/05/2026
ORDEN DE COMPRA,ORC : 52 / 2024,Autorizado,08/08/2024,EXP. 118/24 - ODC 052/24 - FARIAS,416,ORC_52_2024.pdf,,06ea1624-de8e-4c03-b8d4-4a6fe199553d,bc6b7719-59bc-424c-ad66-8328d38a2fc5,https://portal.unlu.edu.ar/sudocu/api/archivos/publico/06ea1624-de8e-4c03-b8d4-4a6fe199553d?id_archivo=06ea1624-de8e-4c03-b8d4-4a6fe199553d&id_documento=bc6b7719-59bc-424c-ad66-8328d38a2fc5,ORDENES DE COMPRA,ORC,52,2024,UNLu,08/08/2024
ORDEN DE COMPRA DIAGUITA,OCDIAGUITA : 51 / 2026,Autorizado,27/05/2026,EXP. 41/26 - ODC 51/26 - AYRON ENERGY S.R.L.,417,OCDIAGUITA_51_2026.pdf,,f9b33296-4c8e-406e-9ae1-2f2487f5378a,cef5a80b-9eff-40ef-8332-8fde08f4fb6a,https://portal.unlu.edu.ar/sudocu/api/archivos/publico/f9b33296-4c8e-406e-9ae1-2f2487f5378a?id_archivo=f9b33296-4c8e-406e-9ae1-2f2487f5378a&id_documento=cef5a80b-9eff-40ef-8332-8fde08f4fb6a,ORDENES DE COMPRA,OCDIAGUITA,51,2026,UNLu,27/05/2026
ORDEN DE COMPRA,ORC : 51 / 2024,Autorizado,08/08/2024,EXP. 463/23 - ODC 051/24 - Motortech S.A.,418,ORC_51_2024.pdf,,2a113d22-c283-4dbc-98a2-2f97e895f689,7b4f335f-6f6f-4288-897b-20ba62eb70ed,https://portal.unlu.edu.ar/sudocu/api/archivos/publico/2a113d22-c283-4dbc-98a2-2f97e895f689?id_archivo=2a113d22-c283-4dbc-98a2-2f97e895f689&id_documento=7b4f335f-6f6f-4288-897b-20ba62eb70ed,ORDENES DE COMPRA,ORC,51,2024,UNLu,08/08/2024
ORDEN DE COMPRA DIAGUITA,OCDIAGUITA : 50 / 2026,Autorizado,27/05/2026,EXP. 1263/26 - ODC 50/26 - TRV DISPOSITIVOS ELECTRONICOS S.R.L.,419,OCDIAGUITA_50_2026.pdf,,a54b19cf-201d-4ae5-9a06-b651e176d4db,ddbb223d-64b3-45cb-adad-db52bdce9339,https://portal.unlu.edu.ar/sudocu/api/archivos/publico/a54b19cf-201d-4ae5-9a06-b651e176d4db?id_archivo=a54b19cf-201d-4ae5-9a06-b651e176d4db&id_documento=ddbb223d-64b3-45cb-adad-db52bdce9339,ORDENES DE COMPRA,OCDIAGUITA,50,2026,UNLu,27/05/2026
ORDEN DE COMPRA,ORC : 50 / 2024,Autorizado,08/08/2024,EXP 556/23 - ODC 50/24 GRIPPO,420,ORC_50_2024.pdf,,9fd922cc-6185-4af9-92b8-b4a9273e333e,32b3e8e0-976d-4a9a-8c70-4f3d31deac22,https://portal.unlu.edu.ar/sudocu/api/archivos/publico/9fd922cc-6185-4af9-92b8-b4a9273e333e?id_archivo=9fd922cc-6185-4af9-92b8-b4a9273e333e&id_documento=32b3e8e0-976d-4a9a-8c70-4f3d31deac22,ORDENES DE COMPRA,ORC,50,2024,UNLu,07/08/2024
ORDEN DE COMPRA DIAGUITA,OCDIAGUITA : 49 / 2026,Autorizado,27/05/2026,EXP. 178/26 - ODC 49/26 - KRAUSE,421,OCDIAGUITA_49_2026.pdf,,2a167078-9055-4ce1-bb74-6aae69a3f83e,06109bdf-96be-4726-85e8-0bc413d17c66,https://portal.unlu.edu.ar/sudocu/api/archivos/publico/2a167078-9055-4ce1-bb74-6aae69a3f83e?id_archivo=2a167078-9055-4ce1-bb74-6aae69a3f83e&id_documento=06109bdf-96be-4726-85e8-0bc413d17c66,ORDENES DE COMPRA,OCDIAGUITA,49,2026,UNLu,27/05/2026
ORDEN DE COMPRA,ORC : 49 / 2024,Autorizado,06/08/2024,ODC 49/24 EXP 47/24 GONZALO GUIDO MARTIN,422,ORC_49_2024.pdf,,b58e143e-6050-43a6-b26f-70efeff09587,00c1eadb-d425-494b-893d-d1ef933deeea,https://portal.unlu.edu.ar/sudocu/api/archivos/publico/b58e143e-6050-43a6-b26f-70efeff09587?id_archivo=b58e143e-6050-43a6-b26f-70efeff09587&id_documento=00c1eadb-d425-494b-893d-d1ef933deeea,ORDENES DE COMPRA,ORC,49,2024,UNLu,06/08/2024
ORDEN DE COMPRA DIAGUITA,OCDIAGUITA : 48 / 2026,Autorizado,27/05/2026,EXP. 1321/26 - ODC 48/26 - LARRABURU,423,OCDIAGUITA_48_2026.pdf,,d3756570-68fe-4fa4-ad89-647697fde9de,7a3bd4e2-def6-422e-a208-ebb44008f4d7,https://portal.unlu.edu.ar/sudocu/api/archivos/publico/d3756570-68fe-4fa4-ad89-647697fde9de?id_archivo=d3756570-68fe-4fa4-ad89-647697fde9de&id_documento=7a3bd4e2-def6-422e-a208-ebb44008f4d7,ORDENES DE COMPRA,OCDIAGUITA,48,2026,UNLu,27/05/2026
ORDEN DE COMPRA,ORC : 48 / 2024,Autorizado,08/08/2024,EXP-LUJ Nº1485/23. ORDEN COMPRA - NACION SEGUROS S.A,424,ORC_48_2024.pdf,,7bcb23c0-fd0d-4ee2-b06a-4dac04b75579,08f4cbc0-4722-4925-ae7d-ffce8280c7bf,https://portal.unlu.edu.ar/sudocu/api/archivos/publico/7bcb23c0-fd0d-4ee2-b06a-4dac04b75579?id_archivo=7bcb23c0-fd0d-4ee2-b06a-4dac04b75579&id_documento=08f4cbc0-4722-4925-ae7d-ffce8280c7bf,ORDENES DE COMPRA,ORC,48,2024,UNLu,05/08/2024
ORDEN DE COMPRA DIAGUITA,OCDIAGUITA : 47 / 2026,Autorizado,27/05/2026,EXP. 1266/26 - ODC 47/26 - LARRABURU,425,OCDIAGUITA_47_2026.pdf,,3ea90b12-1d48-4ca4-8656-d06862db4138,6a1c715d-7534-4662-89a6-13e65bd5734d,https://portal.unlu.edu.ar/sudocu/api/archivos/publico/3ea90b12-1d48-4ca4-8656-d06862db4138?id_archivo=3ea90b12-1d48-4ca4-8656-d06862db4138&id_documento=6a1c715d-7534-4662-89a6-13e65bd5734d,ORDENES DE COMPRA,OCDIAGUITA,47,2026,UNLu,27/05/2026
ORDEN DE COMPRA,ORC : 47 / 2024,Autorizado,02/08/2024,OC 47/24 PEPE HUGO DANIEL,426,ORC_47_2024.pdf,,8a84fa97-f79a-4d42-ba8c-d75db2e46b37,3d819ba7-ab2d-411e-b277-c9ae537c5496,https://portal.unlu.edu.ar/sudocu/api/archivos/publico/8a84fa97-f79a-4d42-ba8c-d75db2e46b37?id_archivo=8a84fa97-f79a-4d42-ba8c-d75db2e46b37&id_documento=3d819ba7-ab2d-411e-b277-c9ae537c5496,ORDENES DE COMPRA,ORC,47,2024,UNLu,02/08/2024
ORDEN DE COMPRA DIAGUITA,OCDIAGUITA : 46 / 2026,Autorizado,27/05/2026,EXP. 1332/26 - ODC 46/26 - MIRACCA,427,OCDIAGUITA_46_2026.pdf,,8c5861f3-38f7-489d-8014-797423304995,c9867536-3a9b-459d-a0e0-60829e6aee26,https://portal.unlu.edu.ar/sudocu/api/archivos/publico/8c5861f3-38f7-489d-8014-797423304995?id_archivo=8c5861f3-38f7-489d-8014-797423304995&id_documento=c9867536-3a9b-459d-a0e0-60829e6aee26,ORDENES DE COMPRA,OCDIAGUITA,46,2026,UNLu,27/05/2026
ORDEN DE COMPRA,ORC : 46 / 2024,Autorizado,02/08/2024,OC 46-24 CASA AMBIELA SH,428,ORC_46_2024.pdf,,0c2b05ca-f90f-419f-bfa2-4379a388e2e6,e046fa57-ea88-43dc-b6f1-e495019eb466,https://portal.unlu.edu.ar/sudocu/api/archivos/publico/0c2b05ca-f90f-419f-bfa2-4379a388e2e6?id_archivo=0c2b05ca-f90f-419f-bfa2-4379a388e2e6&id_documento=e046fa57-ea88-43dc-b6f1-e495019eb466,ORDENES DE COMPRA,ORC,46,2024,UNLu,02/08/2024
ORDEN DE COMPRA DIAGUITA,OCDIAGUITA : 45 / 2026,Autorizado,21/05/2026,EXP. 1356/26 - ODC 45/26 - TRAVERSO,429,OCDIAGUITA_45_2026.pdf,,adea86bc-d16b-40b9-b139-557e658080fd,736ea20b-5495-4ac9-a813-711ce8dc566b,https://portal.unlu.edu.ar/sudocu/api/archivos/publico/adea86bc-d16b-40b9-b139-557e658080fd?id_archivo=adea86bc-d16b-40b9-b139-557e658080fd&id_documento=736ea20b-5495-4ac9-a813-711ce8dc566b,ORDENES DE COMPRA,OCDIAGUITA,45,2026,UNLu,21/05/2026
ORDEN DE COMPRA,ORC : 45 / 2024,Autorizado,02/08/2024,EXP. 270/24 - ODC 045/24 - 2F Servicios S.A.S.,430,ORC_45_2024.pdf,,556f3d1e-5d4b-4dd8-9cba-764a7a285a0a,f31e08ab-ecc0-4065-9496-62975c79ee14,https://portal.unlu.edu.ar/sudocu/api/archivos/publico/556f3d1e-5d4b-4dd8-9cba-764a7a285a0a?id_archivo=556f3d1e-5d4b-4dd8-9cba-764a7a285a0a&id_documento=f31e08ab-ecc0-4065-9496-62975c79ee14,ORDENES DE COMPRA,ORC,45,2024,UNLu,02/08/2024
ORDEN DE COMPRA DIAGUITA,OCDIAGUITA : 44 / 2026,Autorizado,19/05/2026,EXP. 847/25 - ODC 44/26 - DAPA,431,OCDIAGUITA_44_2026.pdf,,d5e480a1-5d04-4983-a8e3-06846b07c3ff,e8c6a147-c85a-4501-a35d-aa349f6ae14a,https://portal.unlu.edu.ar/sudocu/api/archivos/publico/d5e480a1-5d04-4983-a8e3-06846b07c3ff?id_archivo=d5e480a1-5d04-4983-a8e3-06846b07c3ff&id_documento=e8c6a147-c85a-4501-a35d-aa349f6ae14a,ORDENES DE COMPRA,OCDIAGUITA,44,2026,UNLu,18/05/2026
ORDEN DE COMPRA,ORC : 44 / 2024,Autorizado,02/08/2024,EXP. 270/24 - ODC 044/24 - Casa Ambiela S.H.,432,ORC_44_2024.pdf,,88ca1bf9-cc30-45b3-94f9-a38a831300a8,3765ef36-6b0f-43cb-a4cc-fcbe51e9bdee,https://portal.unlu.edu.ar/sudocu/api/archivos/publico/88ca1bf9-cc30-45b3-94f9-a38a831300a8?id_archivo=88ca1bf9-cc30-45b3-94f9-a38a831300a8&id_documento=3765ef36-6b0f-43cb-a4cc-fcbe51e9bdee,ORDENES DE COMPRA,ORC,44,2024,UNLu,02/08/2024
ORDEN DE COMPRA DIAGUITA,OCDIAGUITA : 43 / 2026,Autorizado,18/05/2026,EXP. 1013/25 - ODC 43/26 - GAGO,433,OCDIAGUITA_43_2026.pdf,,c1a7fb0b-7bd0-4084-8119-3e2a6d952292,a517f653-6515-45bb-b20a-9f19fdb0c9e7,https://portal.unlu.edu.ar/sudocu/api/archivos/publico/c1a7fb0b-7bd0-4084-8119-3e2a6d952292?id_archivo=c1a7fb0b-7bd0-4084-8119-3e2a6d952292&id_documento=a517f653-6515-45bb-b20a-9f19fdb0c9e7,ORDENES DE COMPRA,OCDIAGUITA,43,2026,UNLu,18/05/2026
ORDEN DE COMPRA,ORC : 43 / 2024,Autorizado,02/08/2024,EXP. 270/24 - ODC 043/24 - Pepe Hugo Daniel,434,ORC_43_2024.pdf,,34221872-8ef3-4c8f-bf67-94eef930882e,e6a339ce-2417-431a-a82d-c60bc58b16fd,https://portal.unlu.edu.ar/sudocu/api/archivos/publico/34221872-8ef3-4c8f-bf67-94eef930882e?id_archivo=34221872-8ef3-4c8f-bf67-94eef930882e&id_documento=e6a339ce-2417-431a-a82d-c60bc58b16fd,ORDENES DE COMPRA,ORC,43,2024,UNLu,02/08/2024
ORDEN DE COMPRA DIAGUITA,OCDIAGUITA : 42 / 2026,Autorizado,14/05/2026,EXP. 1224/25 - ODC 42/26 - GAGO,435,OCDIAGUITA_42_2026.pdf,,b0b04e01-7d83-4b45-9936-0920c3d25065,060463f0-d73b-461a-b5e8-0f803fb27a8f,https://portal.unlu.edu.ar/sudocu/api/archivos/publico/b0b04e01-7d83-4b45-9936-0920c3d25065?id_archivo=b0b04e01-7d83-4b45-9936-0920c3d25065&id_documento=060463f0-d73b-461a-b5e8-0f803fb27a8f,ORDENES DE COMPRA,OCDIAGUITA,42,2026,UNLu,14/05/2026
ORDEN DE COMPRA,ORC : 42 / 2024,Autorizado,12/07/2024,EXP140/24 PROYECTO DE OC SOLARSOL,436,ORC_42_2024.pdf,,542c6353-682c-43c1-ab8f-63a89eb59013,fdd0999d-37e6-4b8b-8352-8572876bed55,https://portal.unlu.edu.ar/sudocu/api/archivos/publico/542c6353-682c-43c1-ab8f-63a89eb59013?id_archivo=542c6353-682c-43c1-ab8f-63a89eb59013&id_documento=fdd0999d-37e6-4b8b-8352-8572876bed55,ORDENES DE COMPRA,ORC,42,2024,UNLu,12/07/2024
ORDEN DE COMPRA DIAGUITA,OCDIAGUITA : 41 / 2026,Autorizado,13/05/2026,EXP. 175/26 - ODC 41/26 - MAGGIO,437,OCDIAGUITA_41_2026.pdf,,00880167-e1be-462c-ae68-05fa691cd307,5ed00b2b-24a1-4dc4-85bd-701c898b122a,https://portal.unlu.edu.ar/sudocu/api/archivos/publico/00880167-e1be-462c-ae68-05fa691cd307?id_archivo=00880167-e1be-462c-ae68-05fa691cd307&id_documento=5ed00b2b-24a1-4dc4-85bd-701c898b122a,ORDENES DE COMPRA,OCDIAGUITA,41,2026,UNLu,13/05/2026
ORDEN DE COMPRA,ORC : 41 / 2025,Autorizado,25/04/2025,EXP. 69/25 - ODC 41/25 - Taeping S.A.,438,ORC_41_2025.pdf,,c0e363e6-5348-416d-8ca9-0a312a0e8995,08933ab4-660c-4cf2-a13c-56d2e05d1ad7,https://portal.unlu.edu.ar/sudocu/api/archivos/publico/c0e363e6-5348-416d-8ca9-0a312a0e8995?id_archivo=c0e363e6-5348-416d-8ca9-0a312a0e8995&id_documento=08933ab4-660c-4cf2-a13c-56d2e05d1ad7,ORDENES DE COMPRA,ORC,41,2025,UNLu,25/04/2025
ORDEN DE COMPRA,ORC : 41 / 2024,Autorizado,12/07/2024,EXP 140/24 PROYECTO DE ORDEN DE COMPRA EPOSITIVO,439,ORC_41_2024.pdf,,0c1226d1-a880-4554-948a-7e05bf56852c,82d4ce3a-3076-472e-a522-24c323c08389,https://portal.unlu.edu.ar/sudocu/api/archivos/publico/0c1226d1-a880-4554-948a-7e05bf56852c?id_archivo=0c1226d1-a880-4554-948a-7e05bf56852c&id_documento=82d4ce3a-3076-472e-a522-24c323c08389,ORDENES DE COMPRA,ORC,41,2024,UNLu,12/07/2024
ORDEN DE COMPRA DIAGUITA,OCDIAGUITA : 40 / 2026,Autorizado,05/05/2026,EXP. 189/26 - ODC 40/26 - ALCONAR,440,OCDIAGUITA_40_2026.pdf,,62442052-2760-4ccb-943b-422e51124c37,f9c1076e-6d7f-4059-bbd1-20a0f1c33f8b,https://portal.unlu.edu.ar/sudocu/api/archivos/publico/62442052-2760-4ccb-943b-422e51124c37?id_archivo=62442052-2760-4ccb-943b-422e51124c37&id_documento=f9c1076e-6d7f-4059-bbd1-20a0f1c33f8b,ORDENES DE COMPRA,OCDIAGUITA,40,2026,UNLu,05/05/2026
ORDEN DE COMPRA,ORC : 40 / 2025,Autorizado,25/04/2025,EXP. 69/25 - ODC 40/25 - José R. Picasso S.A.,441,ORC_40_2025.pdf,,1e1a426f-f0e2-4152-b448-6ed6cb4b37a7,0be02ff0-0200-4eac-8b49-7748c0e12430,https://portal.unlu.edu.ar/sudocu/api/archivos/publico/1e1a426f-f0e2-4152-b448-6ed6cb4b37a7?id_archivo=1e1a426f-f0e2-4152-b448-6ed6cb4b37a7&id_documento=0be02ff0-0200-4eac-8b49-7748c0e12430,ORDENES DE COMPRA,ORC,40,2025,UNLu,25/04/2025
ORDEN DE COMPRA,ORC : 40 / 2024,Autorizado,12/07/2024,EXP-LUJ:0000140/2024 OC CLIMANOVO,442,ORC_40_2024.pdf,,955317d8-bfa6-4105-aa8a-2635e7e53795,5d2fd796-8130-4d2c-8662-98e6237c91e9,https://portal.unlu.edu.ar/sudocu/api/archivos/publico/955317d8-bfa6-4105-aa8a-2635e7e53795?id_archivo=955317d8-bfa6-4105-aa8a-2635e7e53795&id_documento=5d2fd796-8130-4d2c-8662-98e6237c91e9,ORDENES DE COMPRA,ORC,40,2024,UNLu,12/07/2024
ORDEN DE COMPRA DIAGUITA,OCDIAGUITA : 39 / 2026,Autorizado,04/05/2026,EXP. 1224/25 - ODC 39/26 - GAGO,443,OCDIAGUITA_39_2026.pdf,,f053e9be-a2a9-47d5-83eb-606876dbe172,55beb6fb-60a0-496b-aeb8-745539a64ad3,https://portal.unlu.edu.ar/sudocu/api/archivos/publico/f053e9be-a2a9-47d5-83eb-606876dbe172?id_archivo=f053e9be-a2a9-47d5-83eb-606876dbe172&id_documento=55beb6fb-60a0-496b-aeb8-745539a64ad3,ORDENES DE COMPRA,OCDIAGUITA,39,2026,UNLu,04/05/2026
ORDEN DE COMPRA,ORC : 39 / 2025,Autorizado,21/04/2025,OC_39_25_1178_24 Rasman,444,ORC_39_2025.pdf,,16654e36-75ea-4dfb-8dc9-3f6b214a8735,6c0b092f-75aa-49c1-b665-fd3dbef63519,https://portal.unlu.edu.ar/sudocu/api/archivos/publico/16654e36-75ea-4dfb-8dc9-3f6b214a8735?id_archivo=16654e36-75ea-4dfb-8dc9-3f6b214a8735&id_documento=6c0b092f-75aa-49c1-b665-fd3dbef63519,ORDENES DE COMPRA,ORC,39,2025,UNLu,21/04/2025
ORDEN DE COMPRA,ORC : 39 / 2024,Autorizado,10/07/2024,EXP. 24/24 - ODC 039/24 - Pepe Hugo Daniel,445,ORC_39_2024.pdf,,f29b1288-67c8-442f-bb40-bd91e3212f7a,50db30ac-19a1-40f0-b110-6be94e9fc6c9,https://portal.unlu.edu.ar/sudocu/api/archivos/publico/f29b1288-67c8-442f-bb40-bd91e3212f7a?id_archivo=f29b1288-67c8-442f-bb40-bd91e3212f7a&id_documento=50db30ac-19a1-40f0-b110-6be94e9fc6c9,ORDENES DE COMPRA,ORC,39,2024,UNLu,10/07/2024
ORDEN DE COMPRA DIAGUITA,OCDIAGUITA : 38 / 2026,Autorizado,04/05/2026,EXP. 1224/25 - ODC 38/26 - GAGO,446,OCDIAGUITA_38_2026.pdf,,b5b37830-ab1d-4006-87a6-d83b611275f7,4796aa36-9588-4692-8d19-0bc11363c434,https://portal.unlu.edu.ar/sudocu/api/archivos/publico/b5b37830-ab1d-4006-87a6-d83b611275f7?id_archivo=b5b37830-ab1d-4006-87a6-d83b611275f7&id_documento=4796aa36-9588-4692-8d19-0bc11363c434,ORDENES DE COMPRA,OCDIAGUITA,38,2026,UNLu,04/05/2026
ORDEN DE COMPRA,ORC : 38 / 2025,Autorizado,21/04/2025,OC_38_25_exp1178_24 Paramaca SA,447,ORC_38_2025.pdf,,36b87bdc-4373-4992-babe-50bcb49ee3c8,63f77095-705e-4990-be92-f986bcd96110,https://portal.unlu.edu.ar/sudocu/api/archivos/publico/36b87bdc-4373-4992-babe-50bcb49ee3c8?id_archivo=36b87bdc-4373-4992-babe-50bcb49ee3c8&id_documento=63f77095-705e-4990-be92-f986bcd96110,ORDENES DE COMPRA,ORC,38,2025,UNLu,21/04/2025
ORDEN DE COMPRA,ORC : 38 / 2024,Autorizado,10/07/2024,EXP. 24/24 - ODC 038/24 - Casa Ambiela S.H.,448,ORC_38_2024.pdf,,faf6ecf2-4f0a-4906-93ce-57386b5e1c00,2a95a8f2-2d9e-4f75-bdb7-6165a1d2ce0a,https://portal.unlu.edu.ar/sudocu/api/archivos/publico/faf6ecf2-4f0a-4906-93ce-57386b5e1c00?id_archivo=faf6ecf2-4f0a-4906-93ce-57386b5e1c00&id_documento=2a95a8f2-2d9e-4f75-bdb7-6165a1d2ce0a,ORDENES DE COMPRA,ORC,38,2024,UNLu,10/07/2024
ORDEN DE COMPRA DIAGUITA,OCDIAGUITA : 37 / 2026,Autorizado,04/05/2026,EXP. 87/26 - ODC 37/26 - DRIPLAN,449,OCDIAGUITA_37_2026.pdf,,38da3857-c22b-4da2-be76-b73e5f6073e5,ff61f9c0-e3fa-4ebe-95d1-e0a70a52e738,https://portal.unlu.edu.ar/sudocu/api/archivos/publico/38da3857-c22b-4da2-be76-b73e5f6073e5?id_archivo=38da3857-c22b-4da2-be76-b73e5f6073e5&id_documento=ff61f9c0-e3fa-4ebe-95d1-e0a70a52e738,ORDENES DE COMPRA,OCDIAGUITA,37,2026,UNLu,04/05/2026
ORDEN DE COMPRA,ORC : 37 / 2025,Autorizado,16/04/2025,EXP. 67/25 - ODC 37/25 - COASIN SACIyF,450,ORC_37_2025.pdf,,dd5a1695-a3be-48fd-b65b-2b264d2a13dc,15a48c0d-cea6-4920-aff8-b788299cc288,https://portal.unlu.edu.ar/sudocu/api/archivos/publico/dd5a1695-a3be-48fd-b65b-2b264d2a13dc?id_archivo=dd5a1695-a3be-48fd-b65b-2b264d2a13dc&id_documento=15a48c0d-cea6-4920-aff8-b788299cc288,ORDENES DE COMPRA,ORC,37,2025,UNLu,16/04/2025
ORDEN DE COMPRA,ORC : 37 / 2024,Autorizado,31/07/2024,EXP. 27/24 - ODC 037/24  GONZALO ROMANI,451,ORC_37_2024.pdf,,44772190-27d0-4f8e-9078-68967c7bc19e,9157afb8-0cab-45c3-abd8-02c860a84424,https://portal.unlu.edu.ar/sudocu/api/archivos/publico/44772190-27d0-4f8e-9078-68967c7bc19e?id_archivo=44772190-27d0-4f8e-9078-68967c7bc19e&id_documento=9157afb8-0cab-45c3-abd8-02c860a84424,ORDENES DE COMPRA,ORC,37,2024,UNLu,10/07/2024
ORDEN DE COMPRA DIAGUITA,OCDIAGUITA : 36 / 2026,Autorizado,04/05/2026,EXP. 87/26 - ODC 36/26 - GIL WALTER PABLO,452,OCDIAGUITA_36_2026.pdf,,7be68cdc-476d-45b7-bc9e-288a0de2f231,2e3f0e0d-8bf0-4183-aaa2-8cbcac494e90,https://portal.unlu.edu.ar/sudocu/api/archivos/publico/7be68cdc-476d-45b7-bc9e-288a0de2f231?id_archivo=7be68cdc-476d-45b7-bc9e-288a0de2f231&id_documento=2e3f0e0d-8bf0-4183-aaa2-8cbcac494e90,ORDENES DE COMPRA,OCDIAGUITA,36,2026,UNLu,04/05/2026
ORDEN DE COMPRA,ORC : 36 / 2025,Autorizado,16/04/2025,EXP. 54/25 - ODC 36/25 - Di Lavore S.R.L.,453,ORC_36_2025.pdf,,ed46d5e5-45b9-49c3-949d-aa67c866c1af,60701a3a-d36f-4d6d-b9d2-34076dda0b4d,https://portal.unlu.edu.ar/sudocu/api/archivos/publico/ed46d5e5-45b9-49c3-949d-aa67c866c1af?id_archivo=ed46d5e5-45b9-49c3-949d-aa67c866c1af&id_documento=60701a3a-d36f-4d6d-b9d2-34076dda0b4d,ORDENES DE COMPRA,ORC,36,2025,UNLu,16/04/2025
ORDEN DE COMPRA,ORC : 36 / 2024,Autorizado,01/07/2024,EXP. 1611/23 - ODC 036/24 Proyecto Loica S.R.L.,454,ORC_36_2024.pdf,,54d27f54-1d35-4fff-93e5-35231d080a2a,d713939d-3b82-4e6f-bda7-83e8b0db4c80,https://portal.unlu.edu.ar/sudocu/api/archivos/publico/54d27f54-1d35-4fff-93e5-35231d080a2a?id_archivo=54d27f54-1d35-4fff-93e5-35231d080a2a&id_documento=d713939d-3b82-4e6f-bda7-83e8b0db4c80,ORDENES DE COMPRA,ORC,36,2024,UNLu,01/07/2024
ORDEN DE COMPRA DIAGUITA,OCDIAGUITA : 35 / 2026,Autorizado,04/05/2026,EXP. 179/26 - ODC 35/26 -  ZWEI ING S.R.L.,455,OCDIAGUITA_35_2026.pdf,,687f02bd-17d9-4f98-b92c-552d5b4d5537,584298de-e9bb-4ff5-be77-1d25117094c0,https://portal.unlu.edu.ar/sudocu/api/archivos/publico/687f02bd-17d9-4f98-b92c-552d5b4d5537?id_archivo=687f02bd-17d9-4f98-b92c-552d5b4d5537&id_documento=584298de-e9bb-4ff5-be77-1d25117094c0,ORDENES DE COMPRA,OCDIAGUITA,35,2026,UNLu,04/05/2026
ORDEN DE COMPRA,ORC : 35 / 2025,Autorizado,07/04/2025,EXP. 657/24 - ODC 035/25 - Air Liquide Argentina S.A.,456,ORC_35_2025.pdf,,2d502021-2d90-41f4-9187-430b28b8b3a0,883032df-fe22-4638-9446-95baa0578282,https://portal.unlu.edu.ar/sudocu/api/archivos/publico/2d502021-2d90-41f4-9187-430b28b8b3a0?id_archivo=2d502021-2d90-41f4-9187-430b28b8b3a0&id_documento=883032df-fe22-4638-9446-95baa0578282,ORDENES DE COMPRA,ORC,35,2025,UNLu,07/04/2025
ORDEN DE COMPRA,ORC : 35 / 2024,Autorizado,01/07/2024,EXP. 1611/23 - ODC 035/24 Royal Door S.R.L.,457,ORC_35_2024.pdf,,adb9002e-504d-4dc5-80a2-0208eb595305,b5d1448e-6009-458c-b8d7-62cebfc3eefa,https://portal.unlu.edu.ar/sudocu/api/archivos/publico/adb9002e-504d-4dc5-80a2-0208eb595305?id_archivo=adb9002e-504d-4dc5-80a2-0208eb595305&id_documento=b5d1448e-6009-458c-b8d7-62cebfc3eefa,ORDENES DE COMPRA,ORC,35,2024,UNLu,01/07/2024
ORDEN DE COMPRA DIAGUITA,OCDIAGUITA : 34 / 2026,Autorizado,04/05/2026,EXP. 156/26 - ODC 34/26 - CROM GRAFICA S.R.L.,458,OCDIAGUITA_34_2026.pdf,,aa56a451-8339-4411-a55c-59931ee52b85,349e42a3-dedd-4920-8c7a-aca3eedae4b7,https://portal.unlu.edu.ar/sudocu/api/archivos/publico/aa56a451-8339-4411-a55c-59931ee52b85?id_archivo=aa56a451-8339-4411-a55c-59931ee52b85&id_documento=349e42a3-dedd-4920-8c7a-aca3eedae4b7,ORDENES DE COMPRA,OCDIAGUITA,34,2026,UNLu,04/05/2026
ORDEN DE COMPRA,ORC : 34 / 2025,Autorizado,07/04/2025,EXP. 1173/24 - ODC 034/25 - Pepe Hugo Daniel,459,ORC_34_2025.pdf,,0ac5ac37-a18f-4b00-b902-af64a4fbc1fe,8e8ed4a6-ac57-455d-aa45-40ab09bdb9bb,https://portal.unlu.edu.ar/sudocu/api/archivos/publico/0ac5ac37-a18f-4b00-b902-af64a4fbc1fe?id_archivo=0ac5ac37-a18f-4b00-b902-af64a4fbc1fe&id_documento=8e8ed4a6-ac57-455d-aa45-40ab09bdb9bb,ORDENES DE COMPRA,ORC,34,2025,UNLu,04/04/2025
ORDEN DE COMPRA,ORC : 34 / 2024,Autorizado,01/07/2024,EXP. 1611/24 ODC 034/24 Gago Marta Emilia,460,ORC_34_2024.pdf,,2f332294-638c-4f3a-bcd6-f1c9c31bcdb2,2c238e3e-5a76-43b9-89af-46f5c2d39496,https://portal.unlu.edu.ar/sudocu/api/archivos/publico/2f332294-638c-4f3a-bcd6-f1c9c31bcdb2?id_archivo=2f332294-638c-4f3a-bcd6-f1c9c31bcdb2&id_documento=2c238e3e-5a76-43b9-89af-46f5c2d39496,ORDENES DE COMPRA,ORC,34,2024,UNLu,01/07/2024
ORDEN DE COMPRA DIAGUITA,OCDIAGUITA : 33 / 2026,Autorizado,29/04/2026,EXP. 133/26 - ODC 33/26 - RUIZ NICOLAS URIEL MARCEL,461,OCDIAGUITA_33_2026.pdf,,7c08f649-1a22-44b3-9b2e-ce4e23e9cfb8,8342659c-1d9f-42f7-97e5-59e7bfbd411f,https://portal.unlu.edu.ar/sudocu/api/archivos/publico/7c08f649-1a22-44b3-9b2e-ce4e23e9cfb8?id_archivo=7c08f649-1a22-44b3-9b2e-ce4e23e9cfb8&id_documento=8342659c-1d9f-42f7-97e5-59e7bfbd411f,ORDENES DE COMPRA,OCDIAGUITA,33,2026,UNLu,29/04/2026
ORDEN DE COMPRA,ORC : 33 / 2025,Autorizado,07/04/2025,EXP. 1173/24 - ODC 033/25 - H.G.O. S.R.L.,462,ORC_33_2025.pdf,,8f42b5eb-5b9e-4927-9558-72cd0bf4c8ec,eb5369b9-41c1-4461-8e29-3ee03afbf717,https://portal.unlu.edu.ar/sudocu/api/archivos/publico/8f42b5eb-5b9e-4927-9558-72cd0bf4c8ec?id_archivo=8f42b5eb-5b9e-4927-9558-72cd0bf4c8ec&id_documento=eb5369b9-41c1-4461-8e29-3ee03afbf717,ORDENES DE COMPRA,ORC,33,2025,UNLu,04/04/2025
ORDEN DE COMPRA,ORC : 33 / 2024,Autorizado,01/07/2024,EXP. 207/24 - ODC 033/24,463,ORC_33_2024.pdf,,578159c9-93fe-4e25-ac39-a62b2f75ba21,b692a7c8-0fcc-4f59-a758-0e341274e3d6,https://portal.unlu.edu.ar/sudocu/api/archivos/publico/578159c9-93fe-4e25-ac39-a62b2f75ba21?id_archivo=578159c9-93fe-4e25-ac39-a62b2f75ba21&id_documento=b692a7c8-0fcc-4f59-a758-0e341274e3d6,ORDENES DE COMPRA,ORC,33,2024,UNLu,01/07/2024
ORDEN DE COMPRA DIAGUITA,OCDIAGUITA : 32 / 2026,Autorizado,27/04/2026,EXP. 1113/25 - ODC 32/26 - CENTRO MEDICO SAN BLAS S.A.,464,OCDIAGUITA_32_2026.pdf,,ebc3f1e4-be7c-45da-88e3-18f57686b4ab,0ce4a6fc-2358-499d-88cd-b476db0c8e1e,https://portal.unlu.edu.ar/sudocu/api/archivos/publico/ebc3f1e4-be7c-45da-88e3-18f57686b4ab?id_archivo=ebc3f1e4-be7c-45da-88e3-18f57686b4ab&id_documento=0ce4a6fc-2358-499d-88cd-b476db0c8e1e,ORDENES DE COMPRA,OCDIAGUITA,32,2026,UNLu,24/04/2026
ORDEN DE COMPRA,ORC : 32 / 2025,Autorizado,04/04/2025,OC_32_25_Esprit Pourtau S.A.,465,ORC_32_2025.pdf,,534b6cf5-17e7-43cd-a2a4-b7a9ef555039,9206b134-0d7b-4e37-9e43-b13135a11738,https://portal.unlu.edu.ar/sudocu/api/archivos/publico/534b6cf5-17e7-43cd-a2a4-b7a9ef555039?id_archivo=534b6cf5-17e7-43cd-a2a4-b7a9ef555039&id_documento=9206b134-0d7b-4e37-9e43-b13135a11738,ORDENES DE COMPRA,ORC,32,2025,UNLu,03/04/2025
ORDEN DE COMPRA,ORC : 32 / 2024,Autorizado,26/06/2024,EXP-LUJ:0000139/2024 ORDEN DE COMPRA Proyecto Loica SRL,466,ORC_32_2024.pdf,,8ed952d8-95d5-4d5f-ad19-c5d415d7391b,91a1bf73-0e28-4d9a-8b69-961c4b851962,https://portal.unlu.edu.ar/sudocu/api/archivos/publico/8ed952d8-95d5-4d5f-ad19-c5d415d7391b?id_archivo=8ed952d8-95d5-4d5f-ad19-c5d415d7391b&id_documento=91a1bf73-0e28-4d9a-8b69-961c4b851962,ORDENES DE COMPRA,ORC,32,2024,UNLu,26/06/2024
ORDEN DE COMPRA DIAGUITA,OCDIAGUITA : 31 / 2026,Autorizado,24/04/2026,138/2026 - ODC:31/2026: MENDOZA MARIO EMANUEL,467,OCDIAGUITA_31_2026.pdf,,4b807880-38af-4ed2-96f4-3893f23b9120,dfe18f53-3fb9-414a-ac54-720bcb16a9b3,https://portal.unlu.edu.ar/sudocu/api/archivos/publico/4b807880-38af-4ed2-96f4-3893f23b9120?id_archivo=4b807880-38af-4ed2-96f4-3893f23b9120&id_documento=dfe18f53-3fb9-414a-ac54-720bcb16a9b3,ORDENES DE COMPRA,OCDIAGUITA,31,2026,UNLu,24/04/2026
ORDEN DE COMPRA,ORC : 31 / 2025,Autorizado,04/04/2025,OC_31_25_Besten Handler S.A.,468,ORC_31_2025.pdf,,180393fb-56f1-4fa8-8c08-b9ba9a6c9c0d,f844bf66-50ba-4dfd-90a0-8c91f2f8f6d9,https://portal.unlu.edu.ar/sudocu/api/archivos/publico/180393fb-56f1-4fa8-8c08-b9ba9a6c9c0d?id_archivo=180393fb-56f1-4fa8-8c08-b9ba9a6c9c0d&id_documento=f844bf66-50ba-4dfd-90a0-8c91f2f8f6d9,ORDENES DE COMPRA,ORC,31,2025,UNLu,03/04/2025
ORDEN DE COMPRA,ORC : 31 / 2024,Autorizado,26/06/2024,EXP-LUJ:0000139/2024 ORDEN DE COMPRA  Masci Marcelo A. y Silva Ana M. SH,469,ORC_31_2024.pdf,,88e26b25-b3c6-4997-8c86-d5be5f565499,590c3af0-4fdf-4d25-859c-040d7be354e5,https://portal.unlu.edu.ar/sudocu/api/archivos/publico/88e26b25-b3c6-4997-8c86-d5be5f565499?id_archivo=88e26b25-b3c6-4997-8c86-d5be5f565499&id_documento=590c3af0-4fdf-4d25-859c-040d7be354e5,ORDENES DE COMPRA,ORC,31,2024,UNLu,26/06/2024
ORDEN DE COMPRA DIAGUITA,OCDIAGUITA : 30 / 2026,Autorizado,24/04/2026,EXP. 1113/25 - ODC 30/26 - LAROCCA NEUMATICOS S.A.,470,OCDIAGUITA_30_2026.pdf,,05dd20df-9161-42a9-a15a-b1fa853360b8,e53274cc-af6c-417e-9e6c-56239eba31db,https://portal.unlu.edu.ar/sudocu/api/archivos/publico/05dd20df-9161-42a9-a15a-b1fa853360b8?id_archivo=05dd20df-9161-42a9-a15a-b1fa853360b8&id_documento=e53274cc-af6c-417e-9e6c-56239eba31db,ORDENES DE COMPRA,OCDIAGUITA,30,2026,UNLu,24/04/2026
ORDEN DE COMPRA,ORC : 30 / 2025,Autorizado,03/04/2025,EXP. 28/25 - ODC 30/25 - Álvarez Lucas Ignacio,471,ORC_30_2025.pdf,,5b41c271-531b-417a-8a16-7656d0476bf3,85ec58d1-bfcc-42da-a463-4a2c2aeec4dd,https://portal.unlu.edu.ar/sudocu/api/archivos/publico/5b41c271-531b-417a-8a16-7656d0476bf3?id_archivo=5b41c271-531b-417a-8a16-7656d0476bf3&id_documento=85ec58d1-bfcc-42da-a463-4a2c2aeec4dd,ORDENES DE COMPRA,ORC,30,2025,UNLu,03/04/2025
ORDEN DE COMPRA,ORC : 30 / 2024,Autorizado,26/06/2024,EXP-LUJ:0000139/2024 ORDEN DE COMPRA ELECTROAR ELECTRICA AVANZADA S.R.L.,472,ORC_30_2024.pdf,,5f89adc5-da4d-446d-bc3f-356514095d90,9b4d7d7f-83ed-4158-ada7-89b2c2f15f23,https://portal.unlu.edu.ar/sudocu/api/archivos/publico/5f89adc5-da4d-446d-bc3f-356514095d90?id_archivo=5f89adc5-da4d-446d-bc3f-356514095d90&id_documento=9b4d7d7f-83ed-4158-ada7-89b2c2f15f23,ORDENES DE COMPRA,ORC,30,2024,UNLu,26/06/2024
ORDEN DE COMPRA DIAGUITA,OCDIAGUITA : 29 / 2026,Autorizado,24/04/2026,EXP. 137/26 - ODC 29/26 - MORETTI,473,OCDIAGUITA_29_2026.pdf,,afe5a897-5318-4d73-acb2-fb090b25b43c,a51b4588-1a90-41cd-9fde-c558e4edc42f,https://portal.unlu.edu.ar/sudocu/api/archivos/publico/afe5a897-5318-4d73-acb2-fb090b25b43c?id_archivo=afe5a897-5318-4d73-acb2-fb090b25b43c&id_documento=a51b4588-1a90-41cd-9fde-c558e4edc42f,ORDENES DE COMPRA,OCDIAGUITA,29,2026,UNLu,24/04/2026
ORDEN DE COMPRA,ORC : 29 / 2025,Autorizado,31/03/2025,EXP. 644/24 - ODC 29/25 - Fiorito Andrés y Fiorito Pablo S.R.L.,474,ORC_29_2025.pdf,,3159c257-e125-4149-a716-a062e901ae53,258b1cc9-0921-44e1-a840-e69de894a97c,https://portal.unlu.edu.ar/sudocu/api/archivos/publico/3159c257-e125-4149-a716-a062e901ae53?id_archivo=3159c257-e125-4149-a716-a062e901ae53&id_documento=258b1cc9-0921-44e1-a840-e69de894a97c,ORDENES DE COMPRA,ORC,29,2025,UNLu,31/03/2025
ORDEN DE COMPRA,ORC : 29 / 2024,Autorizado,26/06/2024,EXP-LUJ:0000141/2024 ORDEN DE COMPRA,475,ORC_29_2024.pdf,,6f0a2e38-c507-41a4-a16d-e0f1d8d5b0b4,f71e28cb-beb3-476b-8da3-432c24fd7e99,https://portal.unlu.edu.ar/sudocu/api/archivos/publico/6f0a2e38-c507-41a4-a16d-e0f1d8d5b0b4?id_archivo=6f0a2e38-c507-41a4-a16d-e0f1d8d5b0b4&id_documento=f71e28cb-beb3-476b-8da3-432c24fd7e99,ORDENES DE COMPRA,ORC,29,2024,UNLu,26/06/2024
ORDEN DE COMPRA DIAGUITA,OCDIAGUITA : 28 / 2026,Autorizado,22/04/2026,EXP. 1255/25 - ODC 28/26 - RENZI,476,OCDIAGUITA_28_2026.pdf,,b813bd44-7c6c-4dfc-a299-e90ef42d491d,2d2fee1c-1c43-420f-bfce-67db61421c1d,https://portal.unlu.edu.ar/sudocu/api/archivos/publico/b813bd44-7c6c-4dfc-a299-e90ef42d491d?id_archivo=b813bd44-7c6c-4dfc-a299-e90ef42d491d&id_documento=2d2fee1c-1c43-420f-bfce-67db61421c1d,ORDENES DE COMPRA,OCDIAGUITA,28,2026,UNLu,22/04/2026
ORDEN DE COMPRA,ORC : 28 / 2025,Autorizado,31/03/2025,OC_28_25_EXP_1229_24 WELSCHEN PABLO MARTIN,477,ORC_28_2025.pdf,,be89f7bd-519d-4a37-87ae-053af770351d,542cf9f5-041b-42b6-8c74-d43ba148d3d4,https://portal.unlu.edu.ar/sudocu/api/archivos/publico/be89f7bd-519d-4a37-87ae-053af770351d?id_archivo=be89f7bd-519d-4a37-87ae-053af770351d&id_documento=542cf9f5-041b-42b6-8c74-d43ba148d3d4,ORDENES DE COMPRA,ORC,28,2025,UNLu,28/03/2025
ORDEN DE COMPRA,ORC : 28 / 2024,Autorizado,26/06/2024,EXP_105_24_FOOD PACKAGING,478,ORC_28_2024.pdf,,e77d17e1-fbbc-4979-81b4-683e535029b9,718df491-9906-4483-b752-2da3b40782cc,https://portal.unlu.edu.ar/sudocu/api/archivos/publico/e77d17e1-fbbc-4979-81b4-683e535029b9?id_archivo=e77d17e1-fbbc-4979-81b4-683e535029b9&id_documento=718df491-9906-4483-b752-2da3b40782cc,ORDENES DE COMPRA,ORC,28,2024,UNLu,25/06/2024
ORDEN DE COMPRA DIAGUITA,OCDIAGUITA : 27 / 2026,Autorizado,22/04/2026,EXP. 1255/25 - ODC 27/26 - LA RESMA DEL NORTE,479,OCDIAGUITA_27_2026.pdf,,50aa4e8d-da8e-495a-a724-d923e25ff1c4,06cfd3db-aa14-4da1-9407-3bb9a3d7055a,https://portal.unlu.edu.ar/sudocu/api/archivos/publico/50aa4e8d-da8e-495a-a724-d923e25ff1c4?id_archivo=50aa4e8d-da8e-495a-a724-d923e25ff1c4&id_documento=06cfd3db-aa14-4da1-9407-3bb9a3d7055a,ORDENES DE COMPRA,OCDIAGUITA,27,2026,UNLu,22/04/2026
ORDEN DE COMPRA,ORC : 27 / 2025,Autorizado,28/03/2025,EXP. 946/24 - ODC 27/25 - Masci Marcelo A. y Silva Ana M. SH,480,ORC_27_2025.pdf,,58b9859c-5479-4643-b1fa-c8908f31fbf1,37003f2d-4a95-4e25-aecc-d26ad60cdd42,https://portal.unlu.edu.ar/sudocu/api/archivos/publico/58b9859c-5479-4643-b1fa-c8908f31fbf1?id_archivo=58b9859c-5479-4643-b1fa-c8908f31fbf1&id_documento=37003f2d-4a95-4e25-aecc-d26ad60cdd42,ORDENES DE COMPRA,ORC,27,2025,UNLu,28/03/2025
ORDEN DE COMPRA,ORC : 27 / 2024,Autorizado,26/06/2024,EXP_105/24_ Sociedad Ley 19550 Cap I seccion IV,481,ORC_27_2024.pdf,,073d4ee1-af12-4c37-ba54-32063d44ccb1,efc28f53-b2fa-4a0d-8502-1213979e4dac,https://portal.unlu.edu.ar/sudocu/api/archivos/publico/073d4ee1-af12-4c37-ba54-32063d44ccb1?id_archivo=073d4ee1-af12-4c37-ba54-32063d44ccb1&id_documento=efc28f53-b2fa-4a0d-8502-1213979e4dac,ORDENES DE COMPRA,ORC,27,2024,UNLu,25/06/2024
ORDEN DE COMPRA DIAGUITA,OCDIAGUITA : 26 / 2026,Autorizado,22/04/2026,EXP. 1255/25 - ODC 26/26 - CASTINVER,482,OCDIAGUITA_26_2026.pdf,,ec9a989b-f400-42ff-b7de-e4c7ab40f2e5,63640157-881e-431d-b120-dc2f70c21eed,https://portal.unlu.edu.ar/sudocu/api/archivos/publico/ec9a989b-f400-42ff-b7de-e4c7ab40f2e5?id_archivo=ec9a989b-f400-42ff-b7de-e4c7ab40f2e5&id_documento=63640157-881e-431d-b120-dc2f70c21eed,ORDENES DE COMPRA,OCDIAGUITA,26,2026,UNLu,22/04/2026
ORDEN DE COMPRA,ORC : 26 / 2025,Autorizado,28/03/2025,EXP. 946/24 - ODC 26/25 - Bulecevich Iván,483,ORC_26_2025.pdf,,77e773f4-4b59-41cd-bfa1-ed40a3690301,3ebbdec1-7406-45cb-92ee-93c919c21a54,https://portal.unlu.edu.ar/sudocu/api/archivos/publico/77e773f4-4b59-41cd-bfa1-ed40a3690301?id_archivo=77e773f4-4b59-41cd-bfa1-ed40a3690301&id_documento=3ebbdec1-7406-45cb-92ee-93c919c21a54,ORDENES DE COMPRA,ORC,26,2025,UNLu,28/03/2025
ORDEN DE COMPRA,ORC : 26 / 2024,Autorizado,25/06/2024,EXP-LUJ:0000119/24 ORDEN DE COMPRA,484,ORC_26_2024.pdf,,2e8e5b7d-95c7-4ff0-a105-4af699cb48cd,d4bbb304-56cc-47be-942e-58a262c5987a,https://portal.unlu.edu.ar/sudocu/api/archivos/publico/2e8e5b7d-95c7-4ff0-a105-4af699cb48cd?id_archivo=2e8e5b7d-95c7-4ff0-a105-4af699cb48cd&id_documento=d4bbb304-56cc-47be-942e-58a262c5987a,ORDENES DE COMPRA,ORC,26,2024,UNLu,25/06/2024
ORDEN DE COMPRA DIAGUITA,OCDIAGUITA : 25 / 2026,Autorizado,21/04/2026,EXP. 1230/24 - ODC 25/26 - LODICO MATIAS ORLANDO,485,OCDIAGUITA_25_2026.pdf,,764a2584-6631-4bd7-9c10-7261fd3eb026,cdd63883-c9b8-4372-8d1f-461f6d52570a,https://portal.unlu.edu.ar/sudocu/api/archivos/publico/764a2584-6631-4bd7-9c10-7261fd3eb026?id_archivo=764a2584-6631-4bd7-9c10-7261fd3eb026&id_documento=cdd63883-c9b8-4372-8d1f-461f6d52570a,ORDENES DE COMPRA,OCDIAGUITA,25,2026,UNLu,21/04/2026
ORDEN DE COMPRA,ORC : 25 / 2025,Autorizado,28/03/2025,EXP. 946/24 - ODC 25/25 - Bertola Matías Ezequiel,486,ORC_25_2025.pdf,,55995e8a-9e8a-4f3b-a70e-80cc507c3252,f7afc468-9443-4574-8785-df5f5bb8fdf9,https://portal.unlu.edu.ar/sudocu/api/archivos/publico/55995e8a-9e8a-4f3b-a70e-80cc507c3252?id_archivo=55995e8a-9e8a-4f3b-a70e-80cc507c3252&id_documento=f7afc468-9443-4574-8785-df5f5bb8fdf9,ORDENES DE COMPRA,ORC,25,2025,UNLu,28/03/2025
ORDEN DE COMPRA,ORC : 25 / 2024,Autorizado,19/06/2024,EXPE_1288_23_ODC_25/24_SISTEMAS JUNIN,487,ORC_25_2024.pdf,,720129c3-a221-4707-91f6-0a263c53c804,270122c2-d1a6-4a06-871b-bb8b80f8a19b,https://portal.unlu.edu.ar/sudocu/api/archivos/publico/720129c3-a221-4707-91f6-0a263c53c804?id_archivo=720129c3-a221-4707-91f6-0a263c53c804&id_documento=270122c2-d1a6-4a06-871b-bb8b80f8a19b,ORDENES DE COMPRA,ORC,25,2024,UNLu,19/06/2024
ORDEN DE COMPRA DIAGUITA,OCDIAGUITA : 24 / 2026,Autorizado,21/04/2026,EXP. 1338/25 - ODC 24/26 - E-DUCATIVA EDUCACION VIRTUAL S.A.,488,OCDIAGUITA_24_2026.pdf,,a22356be-c52e-4863-a771-86cf3b667b35,a6a9a8f2-7054-43c0-90b6-ed1c8490fd32,https://portal.unlu.edu.ar/sudocu/api/archivos/publico/a22356be-c52e-4863-a771-86cf3b667b35?id_archivo=a22356be-c52e-4863-a771-86cf3b667b35&id_documento=a6a9a8f2-7054-43c0-90b6-ed1c8490fd32,ORDENES DE COMPRA,OCDIAGUITA,24,2026,UNLu,21/04/2026
ORDEN DE COMPRA,ORC : 24 / 2025,Autorizado,28/03/2025,EXP. 946/24 - ODC 24/25 - Soluciones Técnicas Generales S.R.L.,489,ORC_24_2025.pdf,,3ac601b4-12ca-447a-aeb7-7ccd66d3aec8,ab49f9ca-7294-4186-8061-d80b45b07ca1,https://portal.unlu.edu.ar/sudocu/api/archivos/publico/3ac601b4-12ca-447a-aeb7-7ccd66d3aec8?id_archivo=3ac601b4-12ca-447a-aeb7-7ccd66d3aec8&id_documento=ab49f9ca-7294-4186-8061-d80b45b07ca1,ORDENES DE COMPRA,ORC,24,2025,UNLu,28/03/2025
ORDEN DE COMPRA,ORC : 24 / 2024,Autorizado,19/06/2024,EXP. 104/24 - DISTRIBUIDORA NFM S.A.,490,ORC_24_2024.pdf,,fc52e83c-9636-4909-a638-1508627cd88d,c1f2cacd-0fef-4eda-931f-e90a0384aa4d,https://portal.unlu.edu.ar/sudocu/api/archivos/publico/fc52e83c-9636-4909-a638-1508627cd88d?id_archivo=fc52e83c-9636-4909-a638-1508627cd88d&id_documento=c1f2cacd-0fef-4eda-931f-e90a0384aa4d,ORDENES DE COMPRA,ORC,24,2024,UNLu,14/06/2024
ORDEN DE COMPRA DIAGUITA,OCDIAGUITA : 23 / 2026,Autorizado,20/04/2026,EXP. 34/26 - ODC 23/26 - FRATELLI,491,OCDIAGUITA_23_2026.pdf,,c336dbc8-eda8-4da3-92c1-1f22cd94137f,9b38ab19-ed2d-464c-b7a1-2381e7a779d9,https://portal.unlu.edu.ar/sudocu/api/archivos/publico/c336dbc8-eda8-4da3-92c1-1f22cd94137f?id_archivo=c336dbc8-eda8-4da3-92c1-1f22cd94137f&id_documento=9b38ab19-ed2d-464c-b7a1-2381e7a779d9,ORDENES DE COMPRA,OCDIAGUITA,23,2026,UNLu,20/04/2026
ORDEN DE COMPRA,ORC : 23 / 2025,Autorizado,28/03/2025,EXP. 946/24 - ODC 23/25 - Bertola carlos Javier,492,ORC_23_2025.pdf,,3fc8ef0f-07af-4641-8893-25c6979d53c6,7790e070-9fa3-4c00-9256-b8d38637a392,https://portal.unlu.edu.ar/sudocu/api/archivos/publico/3fc8ef0f-07af-4641-8893-25c6979d53c6?id_archivo=3fc8ef0f-07af-4641-8893-25c6979d53c6&id_documento=7790e070-9fa3-4c00-9256-b8d38637a392,ORDENES DE COMPRA,ORC,23,2025,UNLu,28/03/2025
ORDEN DE COMPRA DIAGUITA,OCDIAGUITA : 22 / 2026,Autorizado,20/04/2026,EXP. 34/26 - ODC 22/26 - OSVALDO,493,OCDIAGUITA_22_2026.pdf,,d7d2d4f3-df2b-4132-8c57-a30eef1bc078,1621887a-1b1e-45a7-9419-5d38e40680db,https://portal.unlu.edu.ar/sudocu/api/archivos/publico/d7d2d4f3-df2b-4132-8c57-a30eef1bc078?id_archivo=d7d2d4f3-df2b-4132-8c57-a30eef1bc078&id_documento=1621887a-1b1e-45a7-9419-5d38e40680db,ORDENES DE COMPRA,OCDIAGUITA,22,2026,UNLu,20/04/2026
ORDEN DE COMPRA,ORC : 22 / 2025,Autorizado,27/03/2025,22_25 Da Ronco Ricardo Omar,494,ORC_22_2025.pdf,,004ac1bc-41d7-46ac-9a3d-fcd5f970e81f,aaec59a0-3395-4fca-9682-31bb3d1243ab,https://portal.unlu.edu.ar/sudocu/api/archivos/publico/004ac1bc-41d7-46ac-9a3d-fcd5f970e81f?id_archivo=004ac1bc-41d7-46ac-9a3d-fcd5f970e81f&id_documento=aaec59a0-3395-4fca-9682-31bb3d1243ab,ORDENES DE COMPRA,ORC,22,2025,UNLu,26/03/2025
ORDEN DE COMPRA DIAGUITA,OCDIAGUITA : 21 / 2026,Autorizado,20/04/2026,EXP. 1346/25 - ODC 21/26 - CASTINVER S.A.U.,495,OCDIAGUITA_21_2026.pdf,,38a82e82-24c7-424c-85d4-afece4c63b41,16ccbe60-b3de-4e4a-9025-83bbda9f377e,https://portal.unlu.edu.ar/sudocu/api/archivos/publico/38a82e82-24c7-424c-85d4-afece4c63b41?id_archivo=38a82e82-24c7-424c-85d4-afece4c63b41&id_documento=16ccbe60-b3de-4e4a-9025-83bbda9f377e,ORDENES DE COMPRA,OCDIAGUITA,21,2026,UNLu,20/04/2026
ORDEN DE COMPRA,ORC : 21 / 2025,Autorizado,26/03/2025,ODC_21_25 Hugo Torbidoni y Cia S.R.L.,496,ORC_21_2025.pdf,,b3640634-0733-4561-9c0d-a552f18ef11f,6a0bedf1-e9d3-4c0d-a7ff-8263db0c4232,https://portal.unlu.edu.ar/sudocu/api/archivos/publico/b3640634-0733-4561-9c0d-a552f18ef11f?id_archivo=b3640634-0733-4561-9c0d-a552f18ef11f&id_documento=6a0bedf1-e9d3-4c0d-a7ff-8263db0c4232,ORDENES DE COMPRA,ORC,21,2025,UNLu,26/03/2025
ORDEN DE COMPRA DIAGUITA,OCDIAGUITA : 20 / 2026,Autorizado,14/04/2026,EXP. 1339/25 - ODC 20/26 - LOS CAMPOS SOCIEDAD ANONIMA,497,OCDIAGUITA_20_2026.pdf,,e9393cd0-1a6e-47e6-8a03-c1ee4683fb06,e6753a3b-58bd-405b-8205-49d8ea7a6274,https://portal.unlu.edu.ar/sudocu/api/archivos/publico/e9393cd0-1a6e-47e6-8a03-c1ee4683fb06?id_archivo=e9393cd0-1a6e-47e6-8a03-c1ee4683fb06&id_documento=e6753a3b-58bd-405b-8205-49d8ea7a6274,ORDENES DE COMPRA,OCDIAGUITA,20,2026,UNLu,14/04/2026
ORDEN DE COMPRA,ORC : 20 / 2025,Autorizado,27/03/2025,ODEC_20_25 Leonardo Carlos De Biasi,498,ORC_20_2025.pdf,,9d64060c-0a3d-47d4-8f1d-ce766da513d0,514f0095-1687-483b-81c3-6e0f60b4bdcf,https://portal.unlu.edu.ar/sudocu/api/archivos/publico/9d64060c-0a3d-47d4-8f1d-ce766da513d0?id_archivo=9d64060c-0a3d-47d4-8f1d-ce766da513d0&id_documento=514f0095-1687-483b-81c3-6e0f60b4bdcf,ORDENES DE COMPRA,ORC,20,2025,UNLu,26/03/2025
ORDEN DE COMPRA DIAGUITA,OCDIAGUITA : 19 / 2026,Autorizado,14/04/2026,EXP. 1339/25 - ODC 19/26 - AGROZULKAS LINCOLN S.A.,499,OCDIAGUITA_19_2026.pdf,,6c255c8a-0073-48bf-aaa6-880774b28155,4e6b44e3-1cca-4fe0-b289-0355eaafbd8d,https://portal.unlu.edu.ar/sudocu/api/archivos/publico/6c255c8a-0073-48bf-aaa6-880774b28155?id_archivo=6c255c8a-0073-48bf-aaa6-880774b28155&id_documento=4e6b44e3-1cca-4fe0-b289-0355eaafbd8d,ORDENES DE COMPRA,OCDIAGUITA,19,2026,UNLu,14/04/2026
ORDEN DE COMPRA,ORC : 19 / 2025,Autorizado,25/03/2025,EXP LUJ Nº 57/25. ORDEN DE COMPRA  Nº 19/25  CIANCIO BOVIER JUAN LORENZO,500,ORC_19_2025.pdf,,7c0609e9-b716-4cb9-9382-9e6438374bb6,00a3b481-eb67-4692-8f79-794a134306e7,https://portal.unlu.edu.ar/sudocu/api/archivos/publico/7c0609e9-b716-4cb9-9382-9e6438374bb6?id_archivo=7c0609e9-b716-4cb9-9382-9e6438374bb6&id_documento=00a3b481-eb67-4692-8f79-794a134306e7,ORDENES DE COMPRA,ORC,19,2025,UNLu,25/03/2025
ORDEN DE COMPRA DIAGUITA,OCDIAGUITA : 18 / 2026,Autorizado,14/04/2026,EXP. 1339/25 - ODC 18/26 - DE BIASI LEONARDO CARLOS,501,OCDIAGUITA_18_2026.pdf,,de93faa5-f1e3-48d5-a1d1-4c81dc70c561,3d48f464-5c0f-45ec-84d1-4684faef31ab,https://portal.unlu.edu.ar/sudocu/api/archivos/publico/de93faa5-f1e3-48d5-a1d1-4c81dc70c561?id_archivo=de93faa5-f1e3-48d5-a1d1-4c81dc70c561&id_documento=3d48f464-5c0f-45ec-84d1-4684faef31ab,ORDENES DE COMPRA,OCDIAGUITA,18,2026,UNLu,14/04/2026
ORDEN DE COMPRA,ORC : 18 / 2025,Autorizado,21/03/2025,Exp_1186_24_Toledo Francisco Y Sacco Jorge,502,ORC_18_2025.pdf,,5e017ba6-e333-4066-aefc-742d9bf9e34a,82d261eb-823f-4466-ad8a-2489453f78f9,https://portal.unlu.edu.ar/sudocu/api/archivos/publico/5e017ba6-e333-4066-aefc-742d9bf9e34a?id_archivo=5e017ba6-e333-4066-aefc-742d9bf9e34a&id_documento=82d261eb-823f-4466-ad8a-2489453f78f9,ORDENES DE COMPRA,ORC,18,2025,UNLu,21/03/2025
ORDEN DE COMPRA DIAGUITA,OCDIAGUITA : 17 / 2026,Autorizado,14/04/2026,EXP. 1339/25 - ODC 17/26 - MORENO DIEGO HERNAN,503,OCDIAGUITA_17_2026.pdf,,a79f9db5-47ac-4e80-af5f-127193f40213,b1fca0b5-f34a-4a78-bcd4-2f1c84d95cc1,https://portal.unlu.edu.ar/sudocu/api/archivos/publico/a79f9db5-47ac-4e80-af5f-127193f40213?id_archivo=a79f9db5-47ac-4e80-af5f-127193f40213&id_documento=b1fca0b5-f34a-4a78-bcd4-2f1c84d95cc1,ORDENES DE COMPRA,OCDIAGUITA,17,2026,UNLu,14/04/2026
ORDEN DE COMPRA,ORC : 17 / 2025,Autorizado,20/03/2025,EXP. 32/25 - ODC 17/25 - Malc Brian S.R.L.,504,ORC_17_2025.pdf,,e7bacf7f-e299-45ab-b594-ec1391e0e79f,2f27e2fe-a357-42b5-97e9-d92984d1daf6,https://portal.unlu.edu.ar/sudocu/api/archivos/publico/e7bacf7f-e299-45ab-b594-ec1391e0e79f?id_archivo=e7bacf7f-e299-45ab-b594-ec1391e0e79f&id_documento=2f27e2fe-a357-42b5-97e9-d92984d1daf6,ORDENES DE COMPRA,ORC,17,2025,UNLu,20/03/2025
ORDEN DE COMPRA DIAGUITA,OCDIAGUITA : 16 / 2026,Autorizado,10/04/2026,EXP. 1270/25 - ODC 16/26 - SERVIUR S.A.,505,OCDIAGUITA_16_2026.pdf,,becd327c-4a4a-4dba-a655-77a97dfa2ea0,1af3c4a2-32fd-4cb6-8cfe-3a984247c8e9,https://portal.unlu.edu.ar/sudocu/api/archivos/publico/becd327c-4a4a-4dba-a655-77a97dfa2ea0?id_archivo=becd327c-4a4a-4dba-a655-77a97dfa2ea0&id_documento=1af3c4a2-32fd-4cb6-8cfe-3a984247c8e9,ORDENES DE COMPRA,OCDIAGUITA,16,2026,UNLu,10/04/2026
ORDEN DE COMPRA,ORC : 16 / 2025,Autorizado,20/03/2025,EXP. 32/25 - ODC 16/25 - Hector Eduardo Geronimo,506,ORC_16_2025.pdf,,b617d4c4-8e23-4ead-9346-fefad7a7480a,d95e7cf2-97dd-4802-b994-515edc5ff521,https://portal.unlu.edu.ar/sudocu/api/archivos/publico/b617d4c4-8e23-4ead-9346-fefad7a7480a?id_archivo=b617d4c4-8e23-4ead-9346-fefad7a7480a&id_documento=d95e7cf2-97dd-4802-b994-515edc5ff521,ORDENES DE COMPRA,ORC,16,2025,UNLu,20/03/2025
ORDEN DE COMPRA DIAGUITA,OCDIAGUITA : 15 / 2026,Autorizado,06/04/2026,EXP. 1224/25 - ODC 15 AMPLIACIÓN - DISTRIBUIDORA JUANCO S.R.L.,507,OCDIAGUITA_15_2026.pdf,,8ed811a3-28c7-4df1-8171-754d138916d6,0c048672-e73e-4ae5-a779-2bbb02fdcc9a,https://portal.unlu.edu.ar/sudocu/api/archivos/publico/8ed811a3-28c7-4df1-8171-754d138916d6?id_archivo=8ed811a3-28c7-4df1-8171-754d138916d6&id_documento=0c048672-e73e-4ae5-a779-2bbb02fdcc9a,ORDENES DE COMPRA,OCDIAGUITA,15,2026,UNLu,06/04/2026
ORDEN DE COMPRA,ORC : 15 / 2025,Autorizado,14/03/2025,EXP. 1210/24 - ODC 15/25 - ERRE DE S.R.L.,508,ORC_15_2025.pdf,,e9dbb52a-87ee-4663-848f-e5a1e45641c6,1dfc54f2-025a-4cfa-84b8-ffbde223a7ba,https://portal.unlu.edu.ar/sudocu/api/archivos/publico/e9dbb52a-87ee-4663-848f-e5a1e45641c6?id_archivo=e9dbb52a-87ee-4663-848f-e5a1e45641c6&id_documento=1dfc54f2-025a-4cfa-84b8-ffbde223a7ba,ORDENES DE COMPRA,ORC,15,2025,UNLu,14/03/2025
ORDEN DE COMPRA DIAGUITA,OCDIAGUITA : 14 / 2026,Autorizado,06/04/2026,EXP. 1224/25 - ODC 14/26 - DISTRIBUIDORA JUANCO S.R.L.,509,OCDIAGUITA_14_2026.pdf,,e7512ebb-efbf-4960-b4f2-66e91e188176,62cdde1f-0909-464b-a69d-adbac797cc4c,https://portal.unlu.edu.ar/sudocu/api/archivos/publico/e7512ebb-efbf-4960-b4f2-66e91e188176?id_archivo=e7512ebb-efbf-4960-b4f2-66e91e188176&id_documento=62cdde1f-0909-464b-a69d-adbac797cc4c,ORDENES DE COMPRA,OCDIAGUITA,14,2026,UNLu,06/04/2026
ORDEN DE COMPRA,ORC : 14 / 2025,Autorizado,14/03/2025,EXP. 960/24 - ODC 14/25 - Tincere S.R.L.,510,ORC_14_2025.pdf,,2d3a4dea-ce67-4331-b9f7-a3f551ecd37d,14408e58-63be-44e8-a599-b1cb7c6d0a24,https://portal.unlu.edu.ar/sudocu/api/archivos/publico/2d3a4dea-ce67-4331-b9f7-a3f551ecd37d?id_archivo=2d3a4dea-ce67-4331-b9f7-a3f551ecd37d&id_documento=14408e58-63be-44e8-a599-b1cb7c6d0a24,ORDENES DE COMPRA,ORC,14,2025,UNLu,13/03/2025
ORDEN DE COMPRA DIAGUITA,OCDIAGUITA : 13 / 2026,Autorizado,26/03/2026,EXP. 1042/25 - ODC 13 - ONARGLEB S.A.,511,OCDIAGUITA_13_2026.pdf,,a8f5250b-e4fc-4b7e-a183-1927154f4a3c,7dcb3c66-d6c1-4f1a-847c-373833e5d390,https://portal.unlu.edu.ar/sudocu/api/archivos/publico/a8f5250b-e4fc-4b7e-a183-1927154f4a3c?id_archivo=a8f5250b-e4fc-4b7e-a183-1927154f4a3c&id_documento=7dcb3c66-d6c1-4f1a-847c-373833e5d390,ORDENES DE COMPRA,OCDIAGUITA,13,2026,UNLu,26/03/2026
ORDEN DE COMPRA,ORC : 13 / 2025,Autorizado,14/03/2025,EXP. 960/24 - ODC 13/25 - Camino I S.R.L.,512,ORC_13_2025.pdf,,abe664ef-3d96-496e-bbff-449439119267,1909e86b-2598-46f9-b4c4-e3d3dd2be3f6,https://portal.unlu.edu.ar/sudocu/api/archivos/publico/abe664ef-3d96-496e-bbff-449439119267?id_archivo=abe664ef-3d96-496e-bbff-449439119267&id_documento=1909e86b-2598-46f9-b4c4-e3d3dd2be3f6,ORDENES DE COMPRA,ORC,13,2025,UNLu,13/03/2025
ORDEN DE COMPRA DIAGUITA,OCDIAGUITA : 12 / 2026,Autorizado,26/03/2026,EXP. 20/26 - ODC 12 - ERRREDE,513,OCDIAGUITA_12_2026.pdf,,8f0d0502-0e47-437a-9307-81eefa99d556,836ad4b2-606e-4e56-8e34-5598b59f164c,https://portal.unlu.edu.ar/sudocu/api/archivos/publico/8f0d0502-0e47-437a-9307-81eefa99d556?id_archivo=8f0d0502-0e47-437a-9307-81eefa99d556&id_documento=836ad4b2-606e-4e56-8e34-5598b59f164c,ORDENES DE COMPRA,OCDIAGUITA,12,2026,UNLu,25/03/2026
ORDEN DE COMPRA,ORC : 12 / 2025,Autorizado,14/03/2025,EXP. 960/24 - ODC 12/25 - Blanco José María,514,ORC_12_2025.pdf,,017e6118-2409-4be5-b5b4-7271a20c6200,3f27d5f3-98c7-4d23-8aa8-f8b87bec4d95,https://portal.unlu.edu.ar/sudocu/api/archivos/publico/017e6118-2409-4be5-b5b4-7271a20c6200?id_archivo=017e6118-2409-4be5-b5b4-7271a20c6200&id_documento=3f27d5f3-98c7-4d23-8aa8-f8b87bec4d95,ORDENES DE COMPRA,ORC,12,2025,UNLu,13/03/2025
ORDEN DE COMPRA DIAGUITA,OCDIAGUITA : 11 / 2026,Autorizado,25/03/2026,EXP. 41/26 - ODC 11 - AYRON ENERGY S.R.L.,515,OCDIAGUITA_11_2026.pdf,,d812e910-4a1c-486a-a35f-6d8d66c9fcec,289f14d5-23d8-4ac1-a3b3-e241f5f774f8,https://portal.unlu.edu.ar/sudocu/api/archivos/publico/d812e910-4a1c-486a-a35f-6d8d66c9fcec?id_archivo=d812e910-4a1c-486a-a35f-6d8d66c9fcec&id_documento=289f14d5-23d8-4ac1-a3b3-e241f5f774f8,ORDENES DE COMPRA,OCDIAGUITA,11,2026,UNLu,25/03/2026
ORDEN DE COMPRA,ORC : 11 / 2025,Autorizado,14/03/2025,EXP. 90/24 - ODC 11/25 - Centro Lujan S.R.L.,516,ORC_11_2025.pdf,,435a01db-805e-4dd3-8ea8-13b0a76bf6b5,315135a5-c022-410c-bc1f-e9c6188694bd,https://portal.unlu.edu.ar/sudocu/api/archivos/publico/435a01db-805e-4dd3-8ea8-13b0a76bf6b5?id_archivo=435a01db-805e-4dd3-8ea8-13b0a76bf6b5&id_documento=315135a5-c022-410c-bc1f-e9c6188694bd,ORDENES DE COMPRA,ORC,11,2025,UNLu,13/03/2025
ORDEN DE COMPRA DIAGUITA,OCDIAGUITA : 10 / 2026,Autorizado,26/03/2026,"EXP. 830/25 - ODC 10 - AGRO GUSMERINI DE GUSMERINI FERNANDO JAVIER, GUSMERINI EMILIO ANDRES Y GUSMERINI JUAN AGUSTIN",517,OCDIAGUITA_10_2026.pdf,,1c16879d-0182-4513-b765-f820b83a8321,b56f42fb-10ab-4ce4-b10a-64d0ff5bf5f6,https://portal.unlu.edu.ar/sudocu/api/archivos/publico/1c16879d-0182-4513-b765-f820b83a8321?id_archivo=1c16879d-0182-4513-b765-f820b83a8321&id_documento=b56f42fb-10ab-4ce4-b10a-64d0ff5bf5f6,ORDENES DE COMPRA,OCDIAGUITA,10,2026,UNLu,20/03/2026
ORDEN DE COMPRA,ORC : 10 / 2025,Autorizado,11/03/2025,EXP. 349/24 - ODC 10/25 - Reingenieria S.R.L.,518,ORC_10_2025.pdf,,28d788bd-100f-4814-a679-a487e64ae5ca,afb011b6-4c79-4dd7-b9b9-997ca73aad00,https://portal.unlu.edu.ar/sudocu/api/archivos/publico/28d788bd-100f-4814-a679-a487e64ae5ca?id_archivo=28d788bd-100f-4814-a679-a487e64ae5ca&id_documento=afb011b6-4c79-4dd7-b9b9-997ca73aad00,ORDENES DE COMPRA,ORC,10,2025,UNLu,10/03/2025
ORDEN DE COMPRA DIAGUITA,OCDIAGUITA : 9 / 2026,Autorizado,20/03/2026,EXP. 1112/25 - ODC 9 - PROCIENAR,519,OCDIAGUITA_9_2026.pdf,,2b6753e8-7bb8-4e07-9c73-eb4d399c8cd5,4811cf85-930f-4c7f-bdfb-2412accd363d,https://portal.unlu.edu.ar/sudocu/api/archivos/publico/2b6753e8-7bb8-4e07-9c73-eb4d399c8cd5?id_archivo=2b6753e8-7bb8-4e07-9c73-eb4d399c8cd5&id_documento=4811cf85-930f-4c7f-bdfb-2412accd363d,ORDENES DE COMPRA,OCDIAGUITA,9,2026,UNLu,20/03/2026
ORDEN DE COMPRA,ORC : 9 / 2025,Autorizado,10/03/2025,EXP. 23/25 - ODC 009/25 - Juan Carlos Cardinale S.R.L.,520,ORC_9_2025.pdf,,50285ccf-a502-4662-b74f-4cf8dd58dd77,82224f3d-0860-4500-8fe5-b9d4059768de,https://portal.unlu.edu.ar/sudocu/api/archivos/publico/50285ccf-a502-4662-b74f-4cf8dd58dd77?id_archivo=50285ccf-a502-4662-b74f-4cf8dd58dd77&id_documento=82224f3d-0860-4500-8fe5-b9d4059768de,ORDENES DE COMPRA,ORC,9,2025,UNLu,10/03/2025
ORDEN DE COMPRA DIAGUITA,OCDIAGUITA : 8 / 2026,Autorizado,20/03/2026,EXP. 1112/25 - ODC 8 - AGUILAR,521,OCDIAGUITA_8_2026.pdf,,22da76aa-ad71-4649-bf3a-e9b8432907f5,e81f46cf-da81-423c-a9e9-68140fd0dcb2,https://portal.unlu.edu.ar/sudocu/api/archivos/publico/22da76aa-ad71-4649-bf3a-e9b8432907f5?id_archivo=22da76aa-ad71-4649-bf3a-e9b8432907f5&id_documento=e81f46cf-da81-423c-a9e9-68140fd0dcb2,ORDENES DE COMPRA,OCDIAGUITA,8,2026,UNLu,20/03/2026
ORDEN DE COMPRA,ORC : 8 / 2025,Autorizado,07/03/2025,EXP. 19/25 - ODC 08/25 - Sociedad Ley 19.550 CAP. 1 Sección IV de Starópoli Pablo y Bertoia Franco,522,ORC_8_2025.pdf,,08e4d228-6be8-4241-af03-a004c45f8cae,03d527fe-35a7-44ed-9584-ab11a7144646,https://portal.unlu.edu.ar/sudocu/api/archivos/publico/08e4d228-6be8-4241-af03-a004c45f8cae?id_archivo=08e4d228-6be8-4241-af03-a004c45f8cae&id_documento=03d527fe-35a7-44ed-9584-ab11a7144646,ORDENES DE COMPRA,ORC,8,2025,UNLu,07/03/2025
ORDEN DE COMPRA DIAGUITA,OCDIAGUITA : 7 / 2026,Autorizado,19/03/2026,EXP. 24/26 - ODC 7 - ORBANICH,523,OCDIAGUITA_7_2026.pdf,,8304d692-58fb-4588-a712-0519d779faa2,50c782f1-64ca-48dd-8e94-5653f2f81a2e,https://portal.unlu.edu.ar/sudocu/api/archivos/publico/8304d692-58fb-4588-a712-0519d779faa2?id_archivo=8304d692-58fb-4588-a712-0519d779faa2&id_documento=50c782f1-64ca-48dd-8e94-5653f2f81a2e,ORDENES DE COMPRA,OCDIAGUITA,7,2026,UNLu,19/03/2026
ORDEN DE COMPRA,ORC : 7 / 2025,Autorizado,12/02/2025,EXP. 92/24 - ODC 07/25 - Proyecto Loica S.R.L.,524,ORC_7_2025.pdf,,3e8b4259-8d0c-43db-b264-32c481bee21d,88c85ed4-cf84-472b-9297-cd2d83a34068,https://portal.unlu.edu.ar/sudocu/api/archivos/publico/3e8b4259-8d0c-43db-b264-32c481bee21d?id_archivo=3e8b4259-8d0c-43db-b264-32c481bee21d&id_documento=88c85ed4-cf84-472b-9297-cd2d83a34068,ORDENES DE COMPRA,ORC,7,2025,UNLu,11/02/2025
ORDEN DE COMPRA DIAGUITA,OCDIAGUITA : 6 / 2026,Autorizado,19/03/2026,EXP. 24/26 - ODC 6 - VARGAS,525,OCDIAGUITA_6_2026.pdf,,06493156-9fb2-45db-97e9-d40105566a36,5169d16b-b582-474a-83d2-e363c4cfb647,https://portal.unlu.edu.ar/sudocu/api/archivos/publico/06493156-9fb2-45db-97e9-d40105566a36?id_archivo=06493156-9fb2-45db-97e9-d40105566a36&id_documento=5169d16b-b582-474a-83d2-e363c4cfb647,ORDENES DE COMPRA,OCDIAGUITA,6,2026,UNLu,19/03/2026
ORDEN DE COMPRA,ORC : 6 / 2025,Autorizado,12/02/2025,EXP. 92/24 - ODC 06/25 - Pepe Hugo Daniel,526,ORC_6_2025.pdf,,06731ccd-3060-4e67-83d3-23dbcc15a9df,e55f511b-327c-4b1b-85e0-02ed630b79e6,https://portal.unlu.edu.ar/sudocu/api/archivos/publico/06731ccd-3060-4e67-83d3-23dbcc15a9df?id_archivo=06731ccd-3060-4e67-83d3-23dbcc15a9df&id_documento=e55f511b-327c-4b1b-85e0-02ed630b79e6,ORDENES DE COMPRA,ORC,6,2025,UNLu,11/02/2025
ORDEN DE COMPRA DIAGUITA,OCDIAGUITA : 5 / 2026,Autorizado,06/03/2026,EXP. 04/26 - ODC 05/26 - GERONIMO,527,OCDIAGUITA_5_2026.pdf,,5e079229-44aa-4b5d-8ff3-59295dc7be8c,698b90d6-0dcf-46fd-98dc-a1c8c9594f6f,https://portal.unlu.edu.ar/sudocu/api/archivos/publico/5e079229-44aa-4b5d-8ff3-59295dc7be8c?id_archivo=5e079229-44aa-4b5d-8ff3-59295dc7be8c&id_documento=698b90d6-0dcf-46fd-98dc-a1c8c9594f6f,ORDENES DE COMPRA,OCDIAGUITA,5,2026,UNLu,06/03/2026
ORDEN DE COMPRA,ORC : 5 / 2025,Autorizado,12/02/2025,EXP. 92/24 - ODC 05/25 - Bertola Carlos Javier,528,ORC_5_2025.pdf,,ce800304-9542-4f0a-870c-9fd9990dadce,9a4dfc96-7452-43e8-b6eb-a94b08b72be4,https://portal.unlu.edu.ar/sudocu/api/archivos/publico/ce800304-9542-4f0a-870c-9fd9990dadce?id_archivo=ce800304-9542-4f0a-870c-9fd9990dadce&id_documento=9a4dfc96-7452-43e8-b6eb-a94b08b72be4,ORDENES DE COMPRA,ORC,5,2025,UNLu,11/02/2025
ORDEN DE COMPRA DIAGUITA,OCDIAGUITA : 4 / 2026,Autorizado,06/03/2026,EXP. 04/26 - ODC 04/26 - VAZQUEZ,529,OCDIAGUITA_4_2026.pdf,,cb575a14-b117-422d-862e-8fbde7150a33,b2c03e24-b338-4ee2-869f-6f3df68216c7,https://portal.unlu.edu.ar/sudocu/api/archivos/publico/cb575a14-b117-422d-862e-8fbde7150a33?id_archivo=cb575a14-b117-422d-862e-8fbde7150a33&id_documento=b2c03e24-b338-4ee2-869f-6f3df68216c7,ORDENES DE COMPRA,OCDIAGUITA,4,2026,UNLu,06/03/2026
ORDEN DE COMPRA,ORC : 4 / 2025,Autorizado,06/02/2025,EXPEDIENTE 977/2024 - ORDEN DE COMPRA VZH  S.R.L.,530,ORC_4_2025.pdf,,3467396f-0c53-43bb-bfea-134e761cae73,cdea98f4-8a87-419d-94c9-512b6472c299,https://portal.unlu.edu.ar/sudocu/api/archivos/publico/3467396f-0c53-43bb-bfea-134e761cae73?id_archivo=3467396f-0c53-43bb-bfea-134e761cae73&id_documento=cdea98f4-8a87-419d-94c9-512b6472c299,ORDENES DE COMPRA,ORC,4,2025,UNLu,06/02/2025
ORDEN DE COMPRA DIAGUITA,OCDIAGUITA : 3 / 2026,Autorizado,06/03/2026,EXP LUJ Nº 8/26. ORDEN DE COMPRA Nº 03/2026,531,OCDIAGUITA_3_2026.pdf,,af3063bc-d70b-4231-b5a3-7fd688972200,5d6d6199-9aff-4342-aee7-707968e93c55,https://portal.unlu.edu.ar/sudocu/api/archivos/publico/af3063bc-d70b-4231-b5a3-7fd688972200?id_archivo=af3063bc-d70b-4231-b5a3-7fd688972200&id_documento=5d6d6199-9aff-4342-aee7-707968e93c55,ORDENES DE COMPRA,OCDIAGUITA,3,2026,UNLu,06/03/2026
ORDEN DE COMPRA,ORC : 3 / 2025,Autorizado,06/02/2025,EXPEDIENTE 977/2024 ORDEN DE COMPRA LA RED COMPUTACIÓN,532,ORC_3_2025.pdf,,8f172d66-de4a-4569-b1a0-1b228782c996,ccc4ee44-eea7-4a72-94de-1136beafeda0,https://portal.unlu.edu.ar/sudocu/api/archivos/publico/8f172d66-de4a-4569-b1a0-1b228782c996?id_archivo=8f172d66-de4a-4569-b1a0-1b228782c996&id_documento=ccc4ee44-eea7-4a72-94de-1136beafeda0,ORDENES DE COMPRA,ORC,3,2025,UNLu,06/02/2025
ORDEN DE COMPRA DIAGUITA,OCDIAGUITA : 2 / 2026,Autorizado,03/03/2026,EXP. 5/26 - ODC 02/26 - MILLER,533,OCDIAGUITA_2_2026.pdf,,25d31670-7b21-48a1-ae20-f49d3cfcc3c6,d79c2f83-57e2-494f-8223-874d81c87a5a,https://portal.unlu.edu.ar/sudocu/api/archivos/publico/25d31670-7b21-48a1-ae20-f49d3cfcc3c6?id_archivo=25d31670-7b21-48a1-ae20-f49d3cfcc3c6&id_documento=d79c2f83-57e2-494f-8223-874d81c87a5a,ORDENES DE COMPRA,OCDIAGUITA,2,2026,UNLu,03/03/2026
ORDEN DE COMPRA,ORC : 2 / 2025,Autorizado,09/01/2025,OC_002_25_exp_926_25Pooli Fernando Luis,534,ORC_2_2025.pdf,,72a31957-25dc-4f6f-86ef-312bcaef4563,88e9c7e3-b570-4f02-9d4e-fbd90cc620ec,https://portal.unlu.edu.ar/sudocu/api/archivos/publico/72a31957-25dc-4f6f-86ef-312bcaef4563?id_archivo=72a31957-25dc-4f6f-86ef-312bcaef4563&id_documento=88e9c7e3-b570-4f02-9d4e-fbd90cc620ec,ORDENES DE COMPRA,ORC,2,2025,UNLu,03/01/2025
ORDEN DE COMPRA DIAGUITA,OCDIAGUITA : 1 / 2026,Autorizado,03/03/2026,EXP. 5/26 - ODC 01/26 - CARDINALE,535,OCDIAGUITA_1_2026.pdf,,4d86e5f0-bd4c-41ef-823f-a72ebd5f89ea,6f6318e4-be47-426d-9fba-eba018769f01,https://portal.unlu.edu.ar/sudocu/api/archivos/publico/4d86e5f0-bd4c-41ef-823f-a72ebd5f89ea?id_archivo=4d86e5f0-bd4c-41ef-823f-a72ebd5f89ea&id_documento=6f6318e4-be47-426d-9fba-eba018769f01,ORDENES DE COMPRA,OCDIAGUITA,1,2026,UNLu,03/03/2026
ORDEN DE COMPRA,ORC : 1 / 2025,Autorizado,09/01/2025,OC_001_25_exp_926_24 Gago Marta Emilia,536,ORC_1_2025.pdf,,0fe50c09-614b-4ecb-bb7a-d266921eb060,205cb50a-6512-47e4-bce7-c30a468b1e81,https://portal.unlu.edu.ar/sudocu/api/archivos/publico/0fe50c09-614b-4ecb-bb7a-d266921eb060?id_archivo=0fe50c09-614b-4ecb-bb7a-d266921eb060&id_documento=205cb50a-6512-47e4-bce7-c30a468b1e81,ORDENES DE COMPRA,ORC,1,2025,UNLu,03/01/2025
